sample_id,split,scene_label,image_path,mask_path,official_split
10778,train,,train/train-org-img/10778.jpg,train/train-label-img/10778_lab.png,train
10779,train,,train/train-org-img/10779.jpg,train/train-label-img/10779_lab.png,train
10780,train,,train/train-org-img/10780.jpg,train/train-label-img/10780_lab.png,train
10782,train,,train/train-org-img/10782.jpg,train/train-label-img/10782_lab.png,train
10783,train,,train/train-org-img/10783.jpg,train/train-label-img/10783_lab.png,train
10784,train,,train/train-org-img/10784.jpg,train/train-label-img/10784_lab.png,train
10785,train,,train/train-org-img/10785.jpg,train/train-label-img/10785_lab.png,train
10786,train,,train/train-org-img/10786.jpg,train/train-label-img/10786_lab.png,train
10787,train,,train/train-org-img/10787.jpg,train/train-label-img/10787_lab.png,train
10788,train,,train/train-org-img/10788.jpg,train/train-label-img/10788_lab.png,train
10789,train,,train/train-org-img/10789.jpg,train/train-label-img/10789_lab.png,train
10792,train,,train/train-org-img/10792.jpg,train/train-label-img/10792_lab.png,train
10795,train,,train/train-org-img/10795.jpg,train/train-label-img/10795_lab.png,train
10798,train,,train/train-org-img/10798.jpg,train/train-label-img/10798_lab.png,train
10799,train,,train/train-org-img/10799.jpg,train/train-label-img/10799_lab.png,train
10802,train,,train/train-org-img/10802.jpg,train/train-label-img/10802_lab.png,train
10804,train,,train/train-org-img/10804.jpg,train/train-label-img/10804_lab.png,train
10805,train,,train/train-org-img/10805.jpg,train/train-label-img/10805_lab.png,train
10806,train,,train/train-org-img/10806.jpg,train/train-label-img/10806_lab.png,train
10809,train,,train/train-org-img/10809.jpg,train/train-label-img/10809_lab.png,train
10816,train,,train/train-org-img/10816.jpg,train/train-label-img/10816_lab.png,train
10832,train,,train/train-org-img/10832.jpg,train/train-label-img/10832_lab.png,train
10833,train,,train/train-org-img/10833.jpg,train/train-label-img/10833_lab.png,train
10835,train,,train/train-org-img/10835.jpg,train/train-label-img/10835_lab.png,train
10837,train,,train/train-org-img/10837.jpg,train/train-label-img/10837_lab.png,train
10839,train,,train/train-org-img/10839.jpg,train/train-label-img/10839_lab.png,train
10840,train,,train/train-org-img/10840.jpg,train/train-label-img/10840_lab.png,train
10841,train,,train/train-org-img/10841.jpg,train/train-label-img/10841_lab.png,train
10843,train,,train/train-org-img/10843.jpg,train/train-label-img/10843_lab.png,train
10845,train,,train/train-org-img/10845.jpg,train/train-label-img/10845_lab.png,train
10846,train,,train/train-org-img/10846.jpg,train/train-label-img/10846_lab.png,train
10847,train,,train/train-org-img/10847.jpg,train/train-label-img/10847_lab.png,train
10848,train,,train/train-org-img/10848.jpg,train/train-label-img/10848_lab.png,train
10850,train,,train/train-org-img/10850.jpg,train/train-label-img/10850_lab.png,train
10851,train,,train/train-org-img/10851.jpg,train/train-label-img/10851_lab.png,train
10852,train,,train/train-org-img/10852.jpg,train/train-label-img/10852_lab.png,train
10853,train,,train/train-org-img/10853.jpg,train/train-label-img/10853_lab.png,train
10854,train,,train/train-org-img/10854.jpg,train/train-label-img/10854_lab.png,train
10855,train,,train/train-org-img/10855.jpg,train/train-label-img/10855_lab.png,train
10857,train,,train/train-org-img/10857.jpg,train/train-label-img/10857_lab.png,train
10858,train,,train/train-org-img/10858.jpg,train/train-label-img/10858_lab.png,train
10859,train,,train/train-org-img/10859.jpg,train/train-label-img/10859_lab.png,train
10861,train,,train/train-org-img/10861.jpg,train/train-label-img/10861_lab.png,train
10862,train,,train/train-org-img/10862.jpg,train/train-label-img/10862_lab.png,train
10863,train,,train/train-org-img/10863.jpg,train/train-label-img/10863_lab.png,train
10864,train,,train/train-org-img/10864.jpg,train/train-label-img/10864_lab.png,train
10865,train,,train/train-org-img/10865.jpg,train/train-label-img/10865_lab.png,train
10867,train,,train/train-org-img/10867.jpg,train/train-label-img/10867_lab.png,train
10868,train,,train/train-org-img/10868.jpg,train/train-label-img/10868_lab.png,train
10870,train,,train/train-org-img/10870.jpg,train/train-label-img/10870_lab.png,train
10871,train,,train/train-org-img/10871.jpg,train/train-label-img/10871_lab.png,train
10872,train,,train/train-org-img/10872.jpg,train/train-label-img/10872_lab.png,train
10873,train,,train/train-org-img/10873.jpg,train/train-label-img/10873_lab.png,train
10874,train,,train/train-org-img/10874.jpg,train/train-label-img/10874_lab.png,train
10875,train,,train/train-org-img/10875.jpg,train/train-label-img/10875_lab.png,train
10876,train,,train/train-org-img/10876.jpg,train/train-label-img/10876_lab.png,train
10877,train,,train/train-org-img/10877.jpg,train/train-label-img/10877_lab.png,train
10878,train,,train/train-org-img/10878.jpg,train/train-label-img/10878_lab.png,train
10879,train,,train/train-org-img/10879.jpg,train/train-label-img/10879_lab.png,train
10880,train,,train/train-org-img/10880.jpg,train/train-label-img/10880_lab.png,train
10881,train,,train/train-org-img/10881.jpg,train/train-label-img/10881_lab.png,train
10882,train,,train/train-org-img/10882.jpg,train/train-label-img/10882_lab.png,train
10883,train,,train/train-org-img/10883.jpg,train/train-label-img/10883_lab.png,train
10884,train,,train/train-org-img/10884.jpg,train/train-label-img/10884_lab.png,train
10885,train,,train/train-org-img/10885.jpg,train/train-label-img/10885_lab.png,train
10886,train,,train/train-org-img/10886.jpg,train/train-label-img/10886_lab.png,train
10887,train,,train/train-org-img/10887.jpg,train/train-label-img/10887_lab.png,train
10888,train,,train/train-org-img/10888.jpg,train/train-label-img/10888_lab.png,train
10889,train,,train/train-org-img/10889.jpg,train/train-label-img/10889_lab.png,train
10891,train,,train/train-org-img/10891.jpg,train/train-label-img/10891_lab.png,train
10893,train,,train/train-org-img/10893.jpg,train/train-label-img/10893_lab.png,train
10895,train,,train/train-org-img/10895.jpg,train/train-label-img/10895_lab.png,train
10896,train,,train/train-org-img/10896.jpg,train/train-label-img/10896_lab.png,train
10897,train,,train/train-org-img/10897.jpg,train/train-label-img/10897_lab.png,train
10899,train,,train/train-org-img/10899.jpg,train/train-label-img/10899_lab.png,train
10900,train,,train/train-org-img/10900.jpg,train/train-label-img/10900_lab.png,train
10901,train,,train/train-org-img/10901.jpg,train/train-label-img/10901_lab.png,train
10902,train,,train/train-org-img/10902.jpg,train/train-label-img/10902_lab.png,train
10903,train,,train/train-org-img/10903.jpg,train/train-label-img/10903_lab.png,train
10904,train,,train/train-org-img/10904.jpg,train/train-label-img/10904_lab.png,train
10905,train,,train/train-org-img/10905.jpg,train/train-label-img/10905_lab.png,train
10906,train,,train/train-org-img/10906.jpg,train/train-label-img/10906_lab.png,train
10907,train,,train/train-org-img/10907.jpg,train/train-label-img/10907_lab.png,train
10908,train,,train/train-org-img/10908.jpg,train/train-label-img/10908_lab.png,train
10909,train,,train/train-org-img/10909.jpg,train/train-label-img/10909_lab.png,train
10910,train,,train/train-org-img/10910.jpg,train/train-label-img/10910_lab.png,train
10911,train,,train/train-org-img/10911.jpg,train/train-label-img/10911_lab.png,train
10912,train,,train/train-org-img/10912.jpg,train/train-label-img/10912_lab.png,train
10913,train,,train/train-org-img/10913.jpg,train/train-label-img/10913_lab.png,train
10914,train,,train/train-org-img/10914.jpg,train/train-label-img/10914_lab.png,train
10915,train,,train/train-org-img/10915.jpg,train/train-label-img/10915_lab.png,train
10916,train,,train/train-org-img/10916.jpg,train/train-label-img/10916_lab.png,train
10918,train,,train/train-org-img/10918.jpg,train/train-label-img/10918_lab.png,train
10919,train,,train/train-org-img/10919.jpg,train/train-label-img/10919_lab.png,train
10920,train,,train/train-org-img/10920.jpg,train/train-label-img/10920_lab.png,train
10921,train,,train/train-org-img/10921.jpg,train/train-label-img/10921_lab.png,train
10922,train,,train/train-org-img/10922.jpg,train/train-label-img/10922_lab.png,train
10924,train,,train/train-org-img/10924.jpg,train/train-label-img/10924_lab.png,train
10926,train,,train/train-org-img/10926.jpg,train/train-label-img/10926_lab.png,train
10927,train,,train/train-org-img/10927.jpg,train/train-label-img/10927_lab.png,train
10928,train,,train/train-org-img/10928.jpg,train/train-label-img/10928_lab.png,train
10929,train,,train/train-org-img/10929.jpg,train/train-label-img/10929_lab.png,train
10930,train,,train/train-org-img/10930.jpg,train/train-label-img/10930_lab.png,train
10931,train,,train/train-org-img/10931.jpg,train/train-label-img/10931_lab.png,train
10932,train,,train/train-org-img/10932.jpg,train/train-label-img/10932_lab.png,train
10933,train,,train/train-org-img/10933.jpg,train/train-label-img/10933_lab.png,train
10934,train,,train/train-org-img/10934.jpg,train/train-label-img/10934_lab.png,train
10935,train,,train/train-org-img/10935.jpg,train/train-label-img/10935_lab.png,train
10936,train,,train/train-org-img/10936.jpg,train/train-label-img/10936_lab.png,train
10937,train,,train/train-org-img/10937.jpg,train/train-label-img/10937_lab.png,train
10938,train,,train/train-org-img/10938.jpg,train/train-label-img/10938_lab.png,train
10939,train,,train/train-org-img/10939.jpg,train/train-label-img/10939_lab.png,train
10940,train,,train/train-org-img/10940.jpg,train/train-label-img/10940_lab.png,train
10941,train,,train/train-org-img/10941.jpg,train/train-label-img/10941_lab.png,train
10943,train,,train/train-org-img/10943.jpg,train/train-label-img/10943_lab.png,train
10944,train,,train/train-org-img/10944.jpg,train/train-label-img/10944_lab.png,train
10945,train,,train/train-org-img/10945.jpg,train/train-label-img/10945_lab.png,train
10946,train,,train/train-org-img/10946.jpg,train/train-label-img/10946_lab.png,train
10947,train,,train/train-org-img/10947.jpg,train/train-label-img/10947_lab.png,train
10948,train,,train/train-org-img/10948.jpg,train/train-label-img/10948_lab.png,train
10949,train,,train/train-org-img/10949.jpg,train/train-label-img/10949_lab.png,train
10951,train,,train/train-org-img/10951.jpg,train/train-label-img/10951_lab.png,train
10952,train,,train/train-org-img/10952.jpg,train/train-label-img/10952_lab.png,train
10953,train,,train/train-org-img/10953.jpg,train/train-label-img/10953_lab.png,train
10956,train,,train/train-org-img/10956.jpg,train/train-label-img/10956_lab.png,train
10958,train,,train/train-org-img/10958.jpg,train/train-label-img/10958_lab.png,train
10959,train,,train/train-org-img/10959.jpg,train/train-label-img/10959_lab.png,train
10960,train,,train/train-org-img/10960.jpg,train/train-label-img/10960_lab.png,train
10961,train,,train/train-org-img/10961.jpg,train/train-label-img/10961_lab.png,train
10962,train,,train/train-org-img/10962.jpg,train/train-label-img/10962_lab.png,train
10964,train,,train/train-org-img/10964.jpg,train/train-label-img/10964_lab.png,train
10965,train,,train/train-org-img/10965.jpg,train/train-label-img/10965_lab.png,train
10967,train,,train/train-org-img/10967.jpg,train/train-label-img/10967_lab.png,train
10969,train,,train/train-org-img/10969.jpg,train/train-label-img/10969_lab.png,train
10971,train,,train/train-org-img/10971.jpg,train/train-label-img/10971_lab.png,train
10972,train,,train/train-org-img/10972.jpg,train/train-label-img/10972_lab.png,train
10973,train,,train/train-org-img/10973.jpg,train/train-label-img/10973_lab.png,train
10974,train,,train/train-org-img/10974.jpg,train/train-label-img/10974_lab.png,train
10975,train,,train/train-org-img/10975.jpg,train/train-label-img/10975_lab.png,train
10976,train,,train/train-org-img/10976.jpg,train/train-label-img/10976_lab.png,train
10977,train,,train/train-org-img/10977.jpg,train/train-label-img/10977_lab.png,train
10978,train,,train/train-org-img/10978.jpg,train/train-label-img/10978_lab.png,train
10979,train,,train/train-org-img/10979.jpg,train/train-label-img/10979_lab.png,train
10980,train,,train/train-org-img/10980.jpg,train/train-label-img/10980_lab.png,train
10981,train,,train/train-org-img/10981.jpg,train/train-label-img/10981_lab.png,train
10983,train,,train/train-org-img/10983.jpg,train/train-label-img/10983_lab.png,train
10984,train,,train/train-org-img/10984.jpg,train/train-label-img/10984_lab.png,train
10986,train,,train/train-org-img/10986.jpg,train/train-label-img/10986_lab.png,train
10987,train,,train/train-org-img/10987.jpg,train/train-label-img/10987_lab.png,train
10988,train,,train/train-org-img/10988.jpg,train/train-label-img/10988_lab.png,train
10989,train,,train/train-org-img/10989.jpg,train/train-label-img/10989_lab.png,train
10990,train,,train/train-org-img/10990.jpg,train/train-label-img/10990_lab.png,train
10991,train,,train/train-org-img/10991.jpg,train/train-label-img/10991_lab.png,train
10992,train,,train/train-org-img/10992.jpg,train/train-label-img/10992_lab.png,train
10993,train,,train/train-org-img/10993.jpg,train/train-label-img/10993_lab.png,train
10995,train,,train/train-org-img/10995.jpg,train/train-label-img/10995_lab.png,train
10996,train,,train/train-org-img/10996.jpg,train/train-label-img/10996_lab.png,train
10998,train,,train/train-org-img/10998.jpg,train/train-label-img/10998_lab.png,train
10999,train,,train/train-org-img/10999.jpg,train/train-label-img/10999_lab.png,train
11001,train,,train/train-org-img/11001.jpg,train/train-label-img/11001_lab.png,train
11002,train,,train/train-org-img/11002.jpg,train/train-label-img/11002_lab.png,train
11003,train,,train/train-org-img/11003.jpg,train/train-label-img/11003_lab.png,train
11004,train,,train/train-org-img/11004.jpg,train/train-label-img/11004_lab.png,train
11006,train,,train/train-org-img/11006.jpg,train/train-label-img/11006_lab.png,train
11008,train,,train/train-org-img/11008.jpg,train/train-label-img/11008_lab.png,train
11009,train,,train/train-org-img/11009.jpg,train/train-label-img/11009_lab.png,train
11010,train,,train/train-org-img/11010.jpg,train/train-label-img/11010_lab.png,train
11011,train,,train/train-org-img/11011.jpg,train/train-label-img/11011_lab.png,train
11012,train,,train/train-org-img/11012.jpg,train/train-label-img/11012_lab.png,train
11014,train,,train/train-org-img/11014.jpg,train/train-label-img/11014_lab.png,train
11016,train,,train/train-org-img/11016.jpg,train/train-label-img/11016_lab.png,train
11017,train,,train/train-org-img/11017.jpg,train/train-label-img/11017_lab.png,train
11019,train,,train/train-org-img/11019.jpg,train/train-label-img/11019_lab.png,train
11020,train,,train/train-org-img/11020.jpg,train/train-label-img/11020_lab.png,train
11021,train,,train/train-org-img/11021.jpg,train/train-label-img/11021_lab.png,train
11022,train,,train/train-org-img/11022.jpg,train/train-label-img/11022_lab.png,train
11023,train,,train/train-org-img/11023.jpg,train/train-label-img/11023_lab.png,train
11025,train,,train/train-org-img/11025.jpg,train/train-label-img/11025_lab.png,train
11026,train,,train/train-org-img/11026.jpg,train/train-label-img/11026_lab.png,train
11027,train,,train/train-org-img/11027.jpg,train/train-label-img/11027_lab.png,train
11029,train,,train/train-org-img/11029.jpg,train/train-label-img/11029_lab.png,train
11030,train,,train/train-org-img/11030.jpg,train/train-label-img/11030_lab.png,train
11031,train,,train/train-org-img/11031.jpg,train/train-label-img/11031_lab.png,train
11032,train,,train/train-org-img/11032.jpg,train/train-label-img/11032_lab.png,train
11033,train,,train/train-org-img/11033.jpg,train/train-label-img/11033_lab.png,train
11034,train,,train/train-org-img/11034.jpg,train/train-label-img/11034_lab.png,train
11035,train,,train/train-org-img/11035.jpg,train/train-label-img/11035_lab.png,train
11036,train,,train/train-org-img/11036.jpg,train/train-label-img/11036_lab.png,train
11037,train,,train/train-org-img/11037.jpg,train/train-label-img/11037_lab.png,train
11039,train,,train/train-org-img/11039.jpg,train/train-label-img/11039_lab.png,train
11040,train,,train/train-org-img/11040.jpg,train/train-label-img/11040_lab.png,train
11041,train,,train/train-org-img/11041.jpg,train/train-label-img/11041_lab.png,train
11042,train,,train/train-org-img/11042.jpg,train/train-label-img/11042_lab.png,train
11043,train,,train/train-org-img/11043.jpg,train/train-label-img/11043_lab.png,train
11047,train,,train/train-org-img/11047.jpg,train/train-label-img/11047_lab.png,train
11049,train,,train/train-org-img/11049.jpg,train/train-label-img/11049_lab.png,train
11051,train,,train/train-org-img/11051.jpg,train/train-label-img/11051_lab.png,train
11052,train,,train/train-org-img/11052.jpg,train/train-label-img/11052_lab.png,train
11053,train,,train/train-org-img/11053.jpg,train/train-label-img/11053_lab.png,train
11054,train,,train/train-org-img/11054.jpg,train/train-label-img/11054_lab.png,train
11055,train,,train/train-org-img/11055.jpg,train/train-label-img/11055_lab.png,train
11056,train,,train/train-org-img/11056.jpg,train/train-label-img/11056_lab.png,train
11057,train,,train/train-org-img/11057.jpg,train/train-label-img/11057_lab.png,train
11058,train,,train/train-org-img/11058.jpg,train/train-label-img/11058_lab.png,train
11059,train,,train/train-org-img/11059.jpg,train/train-label-img/11059_lab.png,train
11060,train,,train/train-org-img/11060.jpg,train/train-label-img/11060_lab.png,train
11061,train,,train/train-org-img/11061.jpg,train/train-label-img/11061_lab.png,train
11062,train,,train/train-org-img/11062.jpg,train/train-label-img/11062_lab.png,train
11063,train,,train/train-org-img/11063.jpg,train/train-label-img/11063_lab.png,train
11064,train,,train/train-org-img/11064.jpg,train/train-label-img/11064_lab.png,train
11066,train,,train/train-org-img/11066.jpg,train/train-label-img/11066_lab.png,train
11067,train,,train/train-org-img/11067.jpg,train/train-label-img/11067_lab.png,train
11068,train,,train/train-org-img/11068.jpg,train/train-label-img/11068_lab.png,train
11071,train,,train/train-org-img/11071.jpg,train/train-label-img/11071_lab.png,train
11073,train,,train/train-org-img/11073.jpg,train/train-label-img/11073_lab.png,train
11075,train,,train/train-org-img/11075.jpg,train/train-label-img/11075_lab.png,train
11076,train,,train/train-org-img/11076.jpg,train/train-label-img/11076_lab.png,train
11077,train,,train/train-org-img/11077.jpg,train/train-label-img/11077_lab.png,train
11078,train,,train/train-org-img/11078.jpg,train/train-label-img/11078_lab.png,train
11079,train,,train/train-org-img/11079.jpg,train/train-label-img/11079_lab.png,train
11080,train,,train/train-org-img/11080.jpg,train/train-label-img/11080_lab.png,train
11081,train,,train/train-org-img/11081.jpg,train/train-label-img/11081_lab.png,train
11083,train,,train/train-org-img/11083.jpg,train/train-label-img/11083_lab.png,train
11085,train,,train/train-org-img/11085.jpg,train/train-label-img/11085_lab.png,train
11088,train,,train/train-org-img/11088.jpg,train/train-label-img/11088_lab.png,train
11090,train,,train/train-org-img/11090.jpg,train/train-label-img/11090_lab.png,train
11091,train,,train/train-org-img/11091.jpg,train/train-label-img/11091_lab.png,train
11092,train,,train/train-org-img/11092.jpg,train/train-label-img/11092_lab.png,train
11093,train,,train/train-org-img/11093.jpg,train/train-label-img/11093_lab.png,train
11094,train,,train/train-org-img/11094.jpg,train/train-label-img/11094_lab.png,train
11095,train,,train/train-org-img/11095.jpg,train/train-label-img/11095_lab.png,train
11097,train,,train/train-org-img/11097.jpg,train/train-label-img/11097_lab.png,train
11098,train,,train/train-org-img/11098.jpg,train/train-label-img/11098_lab.png,train
11099,train,,train/train-org-img/11099.jpg,train/train-label-img/11099_lab.png,train
11100,train,,train/train-org-img/11100.jpg,train/train-label-img/11100_lab.png,train
11104,train,,train/train-org-img/11104.jpg,train/train-label-img/11104_lab.png,train
11105,train,,train/train-org-img/11105.jpg,train/train-label-img/11105_lab.png,train
11106,train,,train/train-org-img/11106.jpg,train/train-label-img/11106_lab.png,train
11107,train,,train/train-org-img/11107.jpg,train/train-label-img/11107_lab.png,train
11108,train,,train/train-org-img/11108.jpg,train/train-label-img/11108_lab.png,train
11109,train,,train/train-org-img/11109.jpg,train/train-label-img/11109_lab.png,train
11110,train,,train/train-org-img/11110.jpg,train/train-label-img/11110_lab.png,train
11111,train,,train/train-org-img/11111.jpg,train/train-label-img/11111_lab.png,train
11114,train,,train/train-org-img/11114.jpg,train/train-label-img/11114_lab.png,train
11115,train,,train/train-org-img/11115.jpg,train/train-label-img/11115_lab.png,train
11118,train,,train/train-org-img/11118.jpg,train/train-label-img/11118_lab.png,train
11119,train,,train/train-org-img/11119.jpg,train/train-label-img/11119_lab.png,train
11120,train,,train/train-org-img/11120.jpg,train/train-label-img/11120_lab.png,train
11123,train,,train/train-org-img/11123.jpg,train/train-label-img/11123_lab.png,train
11124,train,,train/train-org-img/11124.jpg,train/train-label-img/11124_lab.png,train
11126,train,,train/train-org-img/11126.jpg,train/train-label-img/11126_lab.png,train
11127,train,,train/train-org-img/11127.jpg,train/train-label-img/11127_lab.png,train
11128,train,,train/train-org-img/11128.jpg,train/train-label-img/11128_lab.png,train
11129,train,,train/train-org-img/11129.jpg,train/train-label-img/11129_lab.png,train
11130,train,,train/train-org-img/11130.jpg,train/train-label-img/11130_lab.png,train
11131,train,,train/train-org-img/11131.jpg,train/train-label-img/11131_lab.png,train
11132,train,,train/train-org-img/11132.jpg,train/train-label-img/11132_lab.png,train
11134,train,,train/train-org-img/11134.jpg,train/train-label-img/11134_lab.png,train
11135,train,,train/train-org-img/11135.jpg,train/train-label-img/11135_lab.png,train
11136,train,,train/train-org-img/11136.jpg,train/train-label-img/11136_lab.png,train
11137,train,,train/train-org-img/11137.jpg,train/train-label-img/11137_lab.png,train
11138,train,,train/train-org-img/11138.jpg,train/train-label-img/11138_lab.png,train
11139,train,,train/train-org-img/11139.jpg,train/train-label-img/11139_lab.png,train
11140,train,,train/train-org-img/11140.jpg,train/train-label-img/11140_lab.png,train
11141,train,,train/train-org-img/11141.jpg,train/train-label-img/11141_lab.png,train
11146,train,,train/train-org-img/11146.jpg,train/train-label-img/11146_lab.png,train
11147,train,,train/train-org-img/11147.jpg,train/train-label-img/11147_lab.png,train
11149,train,,train/train-org-img/11149.jpg,train/train-label-img/11149_lab.png,train
11152,train,,train/train-org-img/11152.jpg,train/train-label-img/11152_lab.png,train
11153,train,,train/train-org-img/11153.jpg,train/train-label-img/11153_lab.png,train
11154,train,,train/train-org-img/11154.jpg,train/train-label-img/11154_lab.png,train
11155,train,,train/train-org-img/11155.jpg,train/train-label-img/11155_lab.png,train
11156,train,,train/train-org-img/11156.jpg,train/train-label-img/11156_lab.png,train
11157,train,,train/train-org-img/11157.jpg,train/train-label-img/11157_lab.png,train
11158,train,,train/train-org-img/11158.jpg,train/train-label-img/11158_lab.png,train
11159,train,,train/train-org-img/11159.jpg,train/train-label-img/11159_lab.png,train
11161,train,,train/train-org-img/11161.jpg,train/train-label-img/11161_lab.png,train
11162,train,,train/train-org-img/11162.jpg,train/train-label-img/11162_lab.png,train
11163,train,,train/train-org-img/11163.jpg,train/train-label-img/11163_lab.png,train
11164,train,,train/train-org-img/11164.jpg,train/train-label-img/11164_lab.png,train
11165,train,,train/train-org-img/11165.jpg,train/train-label-img/11165_lab.png,train
11166,train,,train/train-org-img/11166.jpg,train/train-label-img/11166_lab.png,train
11167,train,,train/train-org-img/11167.jpg,train/train-label-img/11167_lab.png,train
11168,train,,train/train-org-img/11168.jpg,train/train-label-img/11168_lab.png,train
11169,train,,train/train-org-img/11169.jpg,train/train-label-img/11169_lab.png,train
11170,train,,train/train-org-img/11170.jpg,train/train-label-img/11170_lab.png,train
11171,train,,train/train-org-img/11171.jpg,train/train-label-img/11171_lab.png,train
11172,train,,train/train-org-img/11172.jpg,train/train-label-img/11172_lab.png,train
11173,train,,train/train-org-img/11173.jpg,train/train-label-img/11173_lab.png,train
11174,train,,train/train-org-img/11174.jpg,train/train-label-img/11174_lab.png,train
11175,train,,train/train-org-img/11175.jpg,train/train-label-img/11175_lab.png,train
11176,train,,train/train-org-img/11176.jpg,train/train-label-img/11176_lab.png,train
11178,train,,train/train-org-img/11178.jpg,train/train-label-img/11178_lab.png,train
11179,train,,train/train-org-img/11179.jpg,train/train-label-img/11179_lab.png,train
11181,train,,train/train-org-img/11181.jpg,train/train-label-img/11181_lab.png,train
11182,train,,train/train-org-img/11182.jpg,train/train-label-img/11182_lab.png,train
11183,train,,train/train-org-img/11183.jpg,train/train-label-img/11183_lab.png,train
11185,train,,train/train-org-img/11185.jpg,train/train-label-img/11185_lab.png,train
11187,train,,train/train-org-img/11187.jpg,train/train-label-img/11187_lab.png,train
11188,train,,train/train-org-img/11188.jpg,train/train-label-img/11188_lab.png,train
11189,train,,train/train-org-img/11189.jpg,train/train-label-img/11189_lab.png,train
11190,train,,train/train-org-img/11190.jpg,train/train-label-img/11190_lab.png,train
11192,train,,train/train-org-img/11192.jpg,train/train-label-img/11192_lab.png,train
11193,train,,train/train-org-img/11193.jpg,train/train-label-img/11193_lab.png,train
11194,train,,train/train-org-img/11194.jpg,train/train-label-img/11194_lab.png,train
11196,train,,train/train-org-img/11196.jpg,train/train-label-img/11196_lab.png,train
11197,train,,train/train-org-img/11197.jpg,train/train-label-img/11197_lab.png,train
11198,train,,train/train-org-img/11198.jpg,train/train-label-img/11198_lab.png,train
11200,train,,train/train-org-img/11200.jpg,train/train-label-img/11200_lab.png,train
11201,train,,train/train-org-img/11201.jpg,train/train-label-img/11201_lab.png,train
11202,train,,train/train-org-img/11202.jpg,train/train-label-img/11202_lab.png,train
11205,train,,train/train-org-img/11205.jpg,train/train-label-img/11205_lab.png,train
11206,train,,train/train-org-img/11206.jpg,train/train-label-img/11206_lab.png,train
11208,train,,train/train-org-img/11208.jpg,train/train-label-img/11208_lab.png,train
11210,train,,train/train-org-img/11210.jpg,train/train-label-img/11210_lab.png,train
11212,train,,train/train-org-img/11212.jpg,train/train-label-img/11212_lab.png,train
11213,train,,train/train-org-img/11213.jpg,train/train-label-img/11213_lab.png,train
11214,train,,train/train-org-img/11214.jpg,train/train-label-img/11214_lab.png,train
11215,train,,train/train-org-img/11215.jpg,train/train-label-img/11215_lab.png,train
11216,train,,train/train-org-img/11216.jpg,train/train-label-img/11216_lab.png,train
11217,train,,train/train-org-img/11217.jpg,train/train-label-img/11217_lab.png,train
11218,train,,train/train-org-img/11218.jpg,train/train-label-img/11218_lab.png,train
11219,train,,train/train-org-img/11219.jpg,train/train-label-img/11219_lab.png,train
11220,train,,train/train-org-img/11220.jpg,train/train-label-img/11220_lab.png,train
11221,train,,train/train-org-img/11221.jpg,train/train-label-img/11221_lab.png,train
11223,train,,train/train-org-img/11223.jpg,train/train-label-img/11223_lab.png,train
11224,train,,train/train-org-img/11224.jpg,train/train-label-img/11224_lab.png,train
11225,train,,train/train-org-img/11225.jpg,train/train-label-img/11225_lab.png,train
11226,train,,train/train-org-img/11226.jpg,train/train-label-img/11226_lab.png,train
11227,train,,train/train-org-img/11227.jpg,train/train-label-img/11227_lab.png,train
11228,train,,train/train-org-img/11228.jpg,train/train-label-img/11228_lab.png,train
11229,train,,train/train-org-img/11229.jpg,train/train-label-img/11229_lab.png,train
11232,train,,train/train-org-img/11232.jpg,train/train-label-img/11232_lab.png,train
11233,train,,train/train-org-img/11233.jpg,train/train-label-img/11233_lab.png,train
11234,train,,train/train-org-img/11234.jpg,train/train-label-img/11234_lab.png,train
11235,train,,train/train-org-img/11235.jpg,train/train-label-img/11235_lab.png,train
11237,train,,train/train-org-img/11237.jpg,train/train-label-img/11237_lab.png,train
11239,train,,train/train-org-img/11239.jpg,train/train-label-img/11239_lab.png,train
11240,train,,train/train-org-img/11240.jpg,train/train-label-img/11240_lab.png,train
11241,train,,train/train-org-img/11241.jpg,train/train-label-img/11241_lab.png,train
11243,train,,train/train-org-img/11243.jpg,train/train-label-img/11243_lab.png,train
11244,train,,train/train-org-img/11244.jpg,train/train-label-img/11244_lab.png,train
11246,train,,train/train-org-img/11246.jpg,train/train-label-img/11246_lab.png,train
11247,train,,train/train-org-img/11247.jpg,train/train-label-img/11247_lab.png,train
11248,train,,train/train-org-img/11248.jpg,train/train-label-img/11248_lab.png,train
11249,train,,train/train-org-img/11249.jpg,train/train-label-img/11249_lab.png,train
11250,train,,train/train-org-img/11250.jpg,train/train-label-img/11250_lab.png,train
11252,train,,train/train-org-img/11252.jpg,train/train-label-img/11252_lab.png,train
11253,train,,train/train-org-img/11253.jpg,train/train-label-img/11253_lab.png,train
11254,train,,train/train-org-img/11254.jpg,train/train-label-img/11254_lab.png,train
11255,train,,train/train-org-img/11255.jpg,train/train-label-img/11255_lab.png,train
11256,train,,train/train-org-img/11256.jpg,train/train-label-img/11256_lab.png,train
11258,train,,train/train-org-img/11258.jpg,train/train-label-img/11258_lab.png,train
11260,train,,train/train-org-img/11260.jpg,train/train-label-img/11260_lab.png,train
11261,train,,train/train-org-img/11261.jpg,train/train-label-img/11261_lab.png,train
11262,train,,train/train-org-img/11262.jpg,train/train-label-img/11262_lab.png,train
11263,train,,train/train-org-img/11263.jpg,train/train-label-img/11263_lab.png,train
11264,train,,train/train-org-img/11264.jpg,train/train-label-img/11264_lab.png,train
11265,train,,train/train-org-img/11265.jpg,train/train-label-img/11265_lab.png,train
11267,train,,train/train-org-img/11267.jpg,train/train-label-img/11267_lab.png,train
11268,train,,train/train-org-img/11268.jpg,train/train-label-img/11268_lab.png,train
11270,train,,train/train-org-img/11270.jpg,train/train-label-img/11270_lab.png,train
11271,train,,train/train-org-img/11271.jpg,train/train-label-img/11271_lab.png,train
11274,train,,train/train-org-img/11274.jpg,train/train-label-img/11274_lab.png,train
11276,train,,train/train-org-img/11276.jpg,train/train-label-img/11276_lab.png,train
11277,train,,train/train-org-img/11277.jpg,train/train-label-img/11277_lab.png,train
11278,train,,train/train-org-img/11278.jpg,train/train-label-img/11278_lab.png,train
11279,train,,train/train-org-img/11279.jpg,train/train-label-img/11279_lab.png,train
11280,train,,train/train-org-img/11280.jpg,train/train-label-img/11280_lab.png,train
11281,train,,train/train-org-img/11281.jpg,train/train-label-img/11281_lab.png,train
11284,train,,train/train-org-img/11284.jpg,train/train-label-img/11284_lab.png,train
11285,train,,train/train-org-img/11285.jpg,train/train-label-img/11285_lab.png,train
11286,train,,train/train-org-img/11286.jpg,train/train-label-img/11286_lab.png,train
11287,train,,train/train-org-img/11287.jpg,train/train-label-img/11287_lab.png,train
11289,train,,train/train-org-img/11289.jpg,train/train-label-img/11289_lab.png,train
11291,train,,train/train-org-img/11291.jpg,train/train-label-img/11291_lab.png,train
11292,train,,train/train-org-img/11292.jpg,train/train-label-img/11292_lab.png,train
11293,train,,train/train-org-img/11293.jpg,train/train-label-img/11293_lab.png,train
11294,train,,train/train-org-img/11294.jpg,train/train-label-img/11294_lab.png,train
11295,train,,train/train-org-img/11295.jpg,train/train-label-img/11295_lab.png,train
11296,train,,train/train-org-img/11296.jpg,train/train-label-img/11296_lab.png,train
11297,train,,train/train-org-img/11297.jpg,train/train-label-img/11297_lab.png,train
11299,train,,train/train-org-img/11299.jpg,train/train-label-img/11299_lab.png,train
11300,train,,train/train-org-img/11300.jpg,train/train-label-img/11300_lab.png,train
11301,train,,train/train-org-img/11301.jpg,train/train-label-img/11301_lab.png,train
11302,train,,train/train-org-img/11302.jpg,train/train-label-img/11302_lab.png,train
11303,train,,train/train-org-img/11303.jpg,train/train-label-img/11303_lab.png,train
11305,train,,train/train-org-img/11305.jpg,train/train-label-img/11305_lab.png,train
11308,train,,train/train-org-img/11308.jpg,train/train-label-img/11308_lab.png,train
11309,train,,train/train-org-img/11309.jpg,train/train-label-img/11309_lab.png,train
11311,train,,train/train-org-img/11311.jpg,train/train-label-img/11311_lab.png,train
11314,train,,train/train-org-img/11314.jpg,train/train-label-img/11314_lab.png,train
11315,train,,train/train-org-img/11315.jpg,train/train-label-img/11315_lab.png,train
11316,train,,train/train-org-img/11316.jpg,train/train-label-img/11316_lab.png,train
11323,train,,train/train-org-img/11323.jpg,train/train-label-img/11323_lab.png,train
11325,train,,train/train-org-img/11325.jpg,train/train-label-img/11325_lab.png,train
11326,train,,train/train-org-img/11326.jpg,train/train-label-img/11326_lab.png,train
11327,train,,train/train-org-img/11327.jpg,train/train-label-img/11327_lab.png,train
11328,train,,train/train-org-img/11328.jpg,train/train-label-img/11328_lab.png,train
11329,train,,train/train-org-img/11329.jpg,train/train-label-img/11329_lab.png,train
11330,train,,train/train-org-img/11330.jpg,train/train-label-img/11330_lab.png,train
11331,train,,train/train-org-img/11331.jpg,train/train-label-img/11331_lab.png,train
11333,train,,train/train-org-img/11333.jpg,train/train-label-img/11333_lab.png,train
11334,train,,train/train-org-img/11334.jpg,train/train-label-img/11334_lab.png,train
11335,train,,train/train-org-img/11335.jpg,train/train-label-img/11335_lab.png,train
11338,train,,train/train-org-img/11338.jpg,train/train-label-img/11338_lab.png,train
11339,train,,train/train-org-img/11339.jpg,train/train-label-img/11339_lab.png,train
11341,train,,train/train-org-img/11341.jpg,train/train-label-img/11341_lab.png,train
11342,train,,train/train-org-img/11342.jpg,train/train-label-img/11342_lab.png,train
11344,train,,train/train-org-img/11344.jpg,train/train-label-img/11344_lab.png,train
11347,train,,train/train-org-img/11347.jpg,train/train-label-img/11347_lab.png,train
11349,train,,train/train-org-img/11349.jpg,train/train-label-img/11349_lab.png,train
11350,train,,train/train-org-img/11350.jpg,train/train-label-img/11350_lab.png,train
11351,train,,train/train-org-img/11351.jpg,train/train-label-img/11351_lab.png,train
11352,train,,train/train-org-img/11352.jpg,train/train-label-img/11352_lab.png,train
11353,train,,train/train-org-img/11353.jpg,train/train-label-img/11353_lab.png,train
11354,train,,train/train-org-img/11354.jpg,train/train-label-img/11354_lab.png,train
11356,train,,train/train-org-img/11356.jpg,train/train-label-img/11356_lab.png,train
11357,train,,train/train-org-img/11357.jpg,train/train-label-img/11357_lab.png,train
11362,train,,train/train-org-img/11362.jpg,train/train-label-img/11362_lab.png,train
11363,train,,train/train-org-img/11363.jpg,train/train-label-img/11363_lab.png,train
11365,train,,train/train-org-img/11365.jpg,train/train-label-img/11365_lab.png,train
11366,train,,train/train-org-img/11366.jpg,train/train-label-img/11366_lab.png,train
11367,train,,train/train-org-img/11367.jpg,train/train-label-img/11367_lab.png,train
11368,train,,train/train-org-img/11368.jpg,train/train-label-img/11368_lab.png,train
11369,train,,train/train-org-img/11369.jpg,train/train-label-img/11369_lab.png,train
11370,train,,train/train-org-img/11370.jpg,train/train-label-img/11370_lab.png,train
11371,train,,train/train-org-img/11371.jpg,train/train-label-img/11371_lab.png,train
11373,train,,train/train-org-img/11373.jpg,train/train-label-img/11373_lab.png,train
11374,train,,train/train-org-img/11374.jpg,train/train-label-img/11374_lab.png,train
11377,train,,train/train-org-img/11377.jpg,train/train-label-img/11377_lab.png,train
11378,train,,train/train-org-img/11378.jpg,train/train-label-img/11378_lab.png,train
11379,train,,train/train-org-img/11379.jpg,train/train-label-img/11379_lab.png,train
11380,train,,train/train-org-img/11380.jpg,train/train-label-img/11380_lab.png,train
11381,train,,train/train-org-img/11381.jpg,train/train-label-img/11381_lab.png,train
11382,train,,train/train-org-img/11382.jpg,train/train-label-img/11382_lab.png,train
11383,train,,train/train-org-img/11383.jpg,train/train-label-img/11383_lab.png,train
11385,train,,train/train-org-img/11385.jpg,train/train-label-img/11385_lab.png,train
11387,train,,train/train-org-img/11387.jpg,train/train-label-img/11387_lab.png,train
11389,train,,train/train-org-img/11389.jpg,train/train-label-img/11389_lab.png,train
11390,train,,train/train-org-img/11390.jpg,train/train-label-img/11390_lab.png,train
11393,train,,train/train-org-img/11393.jpg,train/train-label-img/11393_lab.png,train
11394,train,,train/train-org-img/11394.jpg,train/train-label-img/11394_lab.png,train
11395,train,,train/train-org-img/11395.jpg,train/train-label-img/11395_lab.png,train
11397,train,,train/train-org-img/11397.jpg,train/train-label-img/11397_lab.png,train
11398,train,,train/train-org-img/11398.jpg,train/train-label-img/11398_lab.png,train
11399,train,,train/train-org-img/11399.jpg,train/train-label-img/11399_lab.png,train
11402,train,,train/train-org-img/11402.jpg,train/train-label-img/11402_lab.png,train
11404,train,,train/train-org-img/11404.jpg,train/train-label-img/11404_lab.png,train
11405,train,,train/train-org-img/11405.jpg,train/train-label-img/11405_lab.png,train
11406,train,,train/train-org-img/11406.jpg,train/train-label-img/11406_lab.png,train
11407,train,,train/train-org-img/11407.jpg,train/train-label-img/11407_lab.png,train
11409,train,,train/train-org-img/11409.jpg,train/train-label-img/11409_lab.png,train
11410,train,,train/train-org-img/11410.jpg,train/train-label-img/11410_lab.png,train
11416,train,,train/train-org-img/11416.jpg,train/train-label-img/11416_lab.png,train
11417,train,,train/train-org-img/11417.jpg,train/train-label-img/11417_lab.png,train
11418,train,,train/train-org-img/11418.jpg,train/train-label-img/11418_lab.png,train
11422,train,,train/train-org-img/11422.jpg,train/train-label-img/11422_lab.png,train
11423,train,,train/train-org-img/11423.jpg,train/train-label-img/11423_lab.png,train
11425,train,,train/train-org-img/11425.jpg,train/train-label-img/11425_lab.png,train
11427,train,,train/train-org-img/11427.jpg,train/train-label-img/11427_lab.png,train
11428,train,,train/train-org-img/11428.jpg,train/train-label-img/11428_lab.png,train
11429,train,,train/train-org-img/11429.jpg,train/train-label-img/11429_lab.png,train
11430,train,,train/train-org-img/11430.jpg,train/train-label-img/11430_lab.png,train
11431,train,,train/train-org-img/11431.jpg,train/train-label-img/11431_lab.png,train
11432,train,,train/train-org-img/11432.jpg,train/train-label-img/11432_lab.png,train
11433,train,,train/train-org-img/11433.jpg,train/train-label-img/11433_lab.png,train
11434,train,,train/train-org-img/11434.jpg,train/train-label-img/11434_lab.png,train
11435,train,,train/train-org-img/11435.jpg,train/train-label-img/11435_lab.png,train
11436,train,,train/train-org-img/11436.jpg,train/train-label-img/11436_lab.png,train
11438,train,,train/train-org-img/11438.jpg,train/train-label-img/11438_lab.png,train
11439,train,,train/train-org-img/11439.jpg,train/train-label-img/11439_lab.png,train
11440,train,,train/train-org-img/11440.jpg,train/train-label-img/11440_lab.png,train
11442,train,,train/train-org-img/11442.jpg,train/train-label-img/11442_lab.png,train
11443,train,,train/train-org-img/11443.jpg,train/train-label-img/11443_lab.png,train
11444,train,,train/train-org-img/11444.jpg,train/train-label-img/11444_lab.png,train
11445,train,,train/train-org-img/11445.jpg,train/train-label-img/11445_lab.png,train
11446,train,,train/train-org-img/11446.jpg,train/train-label-img/11446_lab.png,train
11447,train,,train/train-org-img/11447.jpg,train/train-label-img/11447_lab.png,train
11448,train,,train/train-org-img/11448.jpg,train/train-label-img/11448_lab.png,train
11449,train,,train/train-org-img/11449.jpg,train/train-label-img/11449_lab.png,train
11450,train,,train/train-org-img/11450.jpg,train/train-label-img/11450_lab.png,train
11454,train,,train/train-org-img/11454.jpg,train/train-label-img/11454_lab.png,train
11455,train,,train/train-org-img/11455.jpg,train/train-label-img/11455_lab.png,train
11456,train,,train/train-org-img/11456.jpg,train/train-label-img/11456_lab.png,train
11457,train,,train/train-org-img/11457.jpg,train/train-label-img/11457_lab.png,train
11460,train,,train/train-org-img/11460.jpg,train/train-label-img/11460_lab.png,train
11463,train,,train/train-org-img/11463.jpg,train/train-label-img/11463_lab.png,train
11464,train,,train/train-org-img/11464.jpg,train/train-label-img/11464_lab.png,train
11465,train,,train/train-org-img/11465.jpg,train/train-label-img/11465_lab.png,train
11466,train,,train/train-org-img/11466.jpg,train/train-label-img/11466_lab.png,train
11467,train,,train/train-org-img/11467.jpg,train/train-label-img/11467_lab.png,train
11468,train,,train/train-org-img/11468.jpg,train/train-label-img/11468_lab.png,train
11469,train,,train/train-org-img/11469.jpg,train/train-label-img/11469_lab.png,train
11470,train,,train/train-org-img/11470.jpg,train/train-label-img/11470_lab.png,train
11471,train,,train/train-org-img/11471.jpg,train/train-label-img/11471_lab.png,train
11472,train,,train/train-org-img/11472.jpg,train/train-label-img/11472_lab.png,train
11473,train,,train/train-org-img/11473.jpg,train/train-label-img/11473_lab.png,train
11474,train,,train/train-org-img/11474.jpg,train/train-label-img/11474_lab.png,train
11475,train,,train/train-org-img/11475.jpg,train/train-label-img/11475_lab.png,train
11477,train,,train/train-org-img/11477.jpg,train/train-label-img/11477_lab.png,train
11478,train,,train/train-org-img/11478.jpg,train/train-label-img/11478_lab.png,train
11479,train,,train/train-org-img/11479.jpg,train/train-label-img/11479_lab.png,train
11480,train,,train/train-org-img/11480.jpg,train/train-label-img/11480_lab.png,train
11483,train,,train/train-org-img/11483.jpg,train/train-label-img/11483_lab.png,train
11484,train,,train/train-org-img/11484.jpg,train/train-label-img/11484_lab.png,train
11485,train,,train/train-org-img/11485.jpg,train/train-label-img/11485_lab.png,train
11486,train,,train/train-org-img/11486.jpg,train/train-label-img/11486_lab.png,train
11487,train,,train/train-org-img/11487.jpg,train/train-label-img/11487_lab.png,train
11489,train,,train/train-org-img/11489.jpg,train/train-label-img/11489_lab.png,train
11490,train,,train/train-org-img/11490.jpg,train/train-label-img/11490_lab.png,train
11493,train,,train/train-org-img/11493.jpg,train/train-label-img/11493_lab.png,train
11494,train,,train/train-org-img/11494.jpg,train/train-label-img/11494_lab.png,train
11495,train,,train/train-org-img/11495.jpg,train/train-label-img/11495_lab.png,train
11496,train,,train/train-org-img/11496.jpg,train/train-label-img/11496_lab.png,train
11497,train,,train/train-org-img/11497.jpg,train/train-label-img/11497_lab.png,train
11498,train,,train/train-org-img/11498.jpg,train/train-label-img/11498_lab.png,train
11499,train,,train/train-org-img/11499.jpg,train/train-label-img/11499_lab.png,train
11500,train,,train/train-org-img/11500.jpg,train/train-label-img/11500_lab.png,train
11501,train,,train/train-org-img/11501.jpg,train/train-label-img/11501_lab.png,train
11502,train,,train/train-org-img/11502.jpg,train/train-label-img/11502_lab.png,train
11503,train,,train/train-org-img/11503.jpg,train/train-label-img/11503_lab.png,train
11506,train,,train/train-org-img/11506.jpg,train/train-label-img/11506_lab.png,train
11507,train,,train/train-org-img/11507.jpg,train/train-label-img/11507_lab.png,train
11508,train,,train/train-org-img/11508.jpg,train/train-label-img/11508_lab.png,train
11509,train,,train/train-org-img/11509.jpg,train/train-label-img/11509_lab.png,train
11510,train,,train/train-org-img/11510.jpg,train/train-label-img/11510_lab.png,train
11512,train,,train/train-org-img/11512.jpg,train/train-label-img/11512_lab.png,train
11515,train,,train/train-org-img/11515.jpg,train/train-label-img/11515_lab.png,train
11516,train,,train/train-org-img/11516.jpg,train/train-label-img/11516_lab.png,train
11517,train,,train/train-org-img/11517.jpg,train/train-label-img/11517_lab.png,train
11518,train,,train/train-org-img/11518.jpg,train/train-label-img/11518_lab.png,train
11519,train,,train/train-org-img/11519.jpg,train/train-label-img/11519_lab.png,train
11520,train,,train/train-org-img/11520.jpg,train/train-label-img/11520_lab.png,train
11522,train,,train/train-org-img/11522.jpg,train/train-label-img/11522_lab.png,train
11523,train,,train/train-org-img/11523.jpg,train/train-label-img/11523_lab.png,train
11536,train,,train/train-org-img/11536.jpg,train/train-label-img/11536_lab.png,train
11537,train,,train/train-org-img/11537.jpg,train/train-label-img/11537_lab.png,train
11538,train,,train/train-org-img/11538.jpg,train/train-label-img/11538_lab.png,train
11539,train,,train/train-org-img/11539.jpg,train/train-label-img/11539_lab.png,train
11540,train,,train/train-org-img/11540.jpg,train/train-label-img/11540_lab.png,train
11541,train,,train/train-org-img/11541.jpg,train/train-label-img/11541_lab.png,train
11542,train,,train/train-org-img/11542.jpg,train/train-label-img/11542_lab.png,train
11543,train,,train/train-org-img/11543.jpg,train/train-label-img/11543_lab.png,train
11544,train,,train/train-org-img/11544.jpg,train/train-label-img/11544_lab.png,train
11545,train,,train/train-org-img/11545.jpg,train/train-label-img/11545_lab.png,train
11546,train,,train/train-org-img/11546.jpg,train/train-label-img/11546_lab.png,train
11547,train,,train/train-org-img/11547.jpg,train/train-label-img/11547_lab.png,train
11549,train,,train/train-org-img/11549.jpg,train/train-label-img/11549_lab.png,train
11551,train,,train/train-org-img/11551.jpg,train/train-label-img/11551_lab.png,train
11552,train,,train/train-org-img/11552.jpg,train/train-label-img/11552_lab.png,train
11554,train,,train/train-org-img/11554.jpg,train/train-label-img/11554_lab.png,train
11555,train,,train/train-org-img/11555.jpg,train/train-label-img/11555_lab.png,train
11557,train,,train/train-org-img/11557.jpg,train/train-label-img/11557_lab.png,train
11558,train,,train/train-org-img/11558.jpg,train/train-label-img/11558_lab.png,train
11559,train,,train/train-org-img/11559.jpg,train/train-label-img/11559_lab.png,train
11560,train,,train/train-org-img/11560.jpg,train/train-label-img/11560_lab.png,train
11561,train,,train/train-org-img/11561.jpg,train/train-label-img/11561_lab.png,train
11562,train,,train/train-org-img/11562.jpg,train/train-label-img/11562_lab.png,train
11563,train,,train/train-org-img/11563.jpg,train/train-label-img/11563_lab.png,train
11564,train,,train/train-org-img/11564.jpg,train/train-label-img/11564_lab.png,train
11565,train,,train/train-org-img/11565.jpg,train/train-label-img/11565_lab.png,train
11566,train,,train/train-org-img/11566.jpg,train/train-label-img/11566_lab.png,train
11567,train,,train/train-org-img/11567.jpg,train/train-label-img/11567_lab.png,train
11568,train,,train/train-org-img/11568.jpg,train/train-label-img/11568_lab.png,train
11572,train,,train/train-org-img/11572.jpg,train/train-label-img/11572_lab.png,train
11573,train,,train/train-org-img/11573.jpg,train/train-label-img/11573_lab.png,train
11574,train,,train/train-org-img/11574.jpg,train/train-label-img/11574_lab.png,train
11575,train,,train/train-org-img/11575.jpg,train/train-label-img/11575_lab.png,train
11576,train,,train/train-org-img/11576.jpg,train/train-label-img/11576_lab.png,train
11579,train,,train/train-org-img/11579.jpg,train/train-label-img/11579_lab.png,train
11581,train,,train/train-org-img/11581.jpg,train/train-label-img/11581_lab.png,train
11583,train,,train/train-org-img/11583.jpg,train/train-label-img/11583_lab.png,train
11584,train,,train/train-org-img/11584.jpg,train/train-label-img/11584_lab.png,train
11586,train,,train/train-org-img/11586.jpg,train/train-label-img/11586_lab.png,train
11587,train,,train/train-org-img/11587.jpg,train/train-label-img/11587_lab.png,train
11588,train,,train/train-org-img/11588.jpg,train/train-label-img/11588_lab.png,train
11589,train,,train/train-org-img/11589.jpg,train/train-label-img/11589_lab.png,train
11590,train,,train/train-org-img/11590.jpg,train/train-label-img/11590_lab.png,train
11591,train,,train/train-org-img/11591.jpg,train/train-label-img/11591_lab.png,train
11592,train,,train/train-org-img/11592.jpg,train/train-label-img/11592_lab.png,train
11593,train,,train/train-org-img/11593.jpg,train/train-label-img/11593_lab.png,train
11594,train,,train/train-org-img/11594.jpg,train/train-label-img/11594_lab.png,train
11595,train,,train/train-org-img/11595.jpg,train/train-label-img/11595_lab.png,train
11596,train,,train/train-org-img/11596.jpg,train/train-label-img/11596_lab.png,train
11597,train,,train/train-org-img/11597.jpg,train/train-label-img/11597_lab.png,train
11598,train,,train/train-org-img/11598.jpg,train/train-label-img/11598_lab.png,train
11599,train,,train/train-org-img/11599.jpg,train/train-label-img/11599_lab.png,train
11600,train,,train/train-org-img/11600.jpg,train/train-label-img/11600_lab.png,train
11601,train,,train/train-org-img/11601.jpg,train/train-label-img/11601_lab.png,train
11602,train,,train/train-org-img/11602.jpg,train/train-label-img/11602_lab.png,train
11603,train,,train/train-org-img/11603.jpg,train/train-label-img/11603_lab.png,train
11604,train,,train/train-org-img/11604.jpg,train/train-label-img/11604_lab.png,train
11605,train,,train/train-org-img/11605.jpg,train/train-label-img/11605_lab.png,train
11606,train,,train/train-org-img/11606.jpg,train/train-label-img/11606_lab.png,train
11607,train,,train/train-org-img/11607.jpg,train/train-label-img/11607_lab.png,train
11608,train,,train/train-org-img/11608.jpg,train/train-label-img/11608_lab.png,train
11611,train,,train/train-org-img/11611.jpg,train/train-label-img/11611_lab.png,train
11612,train,,train/train-org-img/11612.jpg,train/train-label-img/11612_lab.png,train
11613,train,,train/train-org-img/11613.jpg,train/train-label-img/11613_lab.png,train
11615,train,,train/train-org-img/11615.jpg,train/train-label-img/11615_lab.png,train
11617,train,,train/train-org-img/11617.jpg,train/train-label-img/11617_lab.png,train
11619,train,,train/train-org-img/11619.jpg,train/train-label-img/11619_lab.png,train
11620,train,,train/train-org-img/11620.jpg,train/train-label-img/11620_lab.png,train
11621,train,,train/train-org-img/11621.jpg,train/train-label-img/11621_lab.png,train
11622,train,,train/train-org-img/11622.jpg,train/train-label-img/11622_lab.png,train
11623,train,,train/train-org-img/11623.jpg,train/train-label-img/11623_lab.png,train
11624,train,,train/train-org-img/11624.jpg,train/train-label-img/11624_lab.png,train
11625,train,,train/train-org-img/11625.jpg,train/train-label-img/11625_lab.png,train
11626,train,,train/train-org-img/11626.jpg,train/train-label-img/11626_lab.png,train
11629,train,,train/train-org-img/11629.jpg,train/train-label-img/11629_lab.png,train
11630,train,,train/train-org-img/11630.jpg,train/train-label-img/11630_lab.png,train
11632,train,,train/train-org-img/11632.jpg,train/train-label-img/11632_lab.png,train
11633,train,,train/train-org-img/11633.jpg,train/train-label-img/11633_lab.png,train
11634,train,,train/train-org-img/11634.jpg,train/train-label-img/11634_lab.png,train
11635,train,,train/train-org-img/11635.jpg,train/train-label-img/11635_lab.png,train
11636,train,,train/train-org-img/11636.jpg,train/train-label-img/11636_lab.png,train
11637,train,,train/train-org-img/11637.jpg,train/train-label-img/11637_lab.png,train
11638,train,,train/train-org-img/11638.jpg,train/train-label-img/11638_lab.png,train
11640,train,,train/train-org-img/11640.jpg,train/train-label-img/11640_lab.png,train
11641,train,,train/train-org-img/11641.jpg,train/train-label-img/11641_lab.png,train
11642,train,,train/train-org-img/11642.jpg,train/train-label-img/11642_lab.png,train
11643,train,,train/train-org-img/11643.jpg,train/train-label-img/11643_lab.png,train
11644,train,,train/train-org-img/11644.jpg,train/train-label-img/11644_lab.png,train
11646,train,,train/train-org-img/11646.jpg,train/train-label-img/11646_lab.png,train
11647,train,,train/train-org-img/11647.jpg,train/train-label-img/11647_lab.png,train
11648,train,,train/train-org-img/11648.jpg,train/train-label-img/11648_lab.png,train
11649,train,,train/train-org-img/11649.jpg,train/train-label-img/11649_lab.png,train
11651,train,,train/train-org-img/11651.jpg,train/train-label-img/11651_lab.png,train
11656,train,,train/train-org-img/11656.jpg,train/train-label-img/11656_lab.png,train
11657,train,,train/train-org-img/11657.jpg,train/train-label-img/11657_lab.png,train
11658,train,,train/train-org-img/11658.jpg,train/train-label-img/11658_lab.png,train
11659,train,,train/train-org-img/11659.jpg,train/train-label-img/11659_lab.png,train
11660,train,,train/train-org-img/11660.jpg,train/train-label-img/11660_lab.png,train
11662,train,,train/train-org-img/11662.jpg,train/train-label-img/11662_lab.png,train
11663,train,,train/train-org-img/11663.jpg,train/train-label-img/11663_lab.png,train
11664,train,,train/train-org-img/11664.jpg,train/train-label-img/11664_lab.png,train
11665,train,,train/train-org-img/11665.jpg,train/train-label-img/11665_lab.png,train
11666,train,,train/train-org-img/11666.jpg,train/train-label-img/11666_lab.png,train
11667,train,,train/train-org-img/11667.jpg,train/train-label-img/11667_lab.png,train
11668,train,,train/train-org-img/11668.jpg,train/train-label-img/11668_lab.png,train
11670,train,,train/train-org-img/11670.jpg,train/train-label-img/11670_lab.png,train
11671,train,,train/train-org-img/11671.jpg,train/train-label-img/11671_lab.png,train
11672,train,,train/train-org-img/11672.jpg,train/train-label-img/11672_lab.png,train
11673,train,,train/train-org-img/11673.jpg,train/train-label-img/11673_lab.png,train
11674,train,,train/train-org-img/11674.jpg,train/train-label-img/11674_lab.png,train
11675,train,,train/train-org-img/11675.jpg,train/train-label-img/11675_lab.png,train
11676,train,,train/train-org-img/11676.jpg,train/train-label-img/11676_lab.png,train
11677,train,,train/train-org-img/11677.jpg,train/train-label-img/11677_lab.png,train
11678,train,,train/train-org-img/11678.jpg,train/train-label-img/11678_lab.png,train
11679,train,,train/train-org-img/11679.jpg,train/train-label-img/11679_lab.png,train
11681,train,,train/train-org-img/11681.jpg,train/train-label-img/11681_lab.png,train
11682,train,,train/train-org-img/11682.jpg,train/train-label-img/11682_lab.png,train
11684,train,,train/train-org-img/11684.jpg,train/train-label-img/11684_lab.png,train
11685,train,,train/train-org-img/11685.jpg,train/train-label-img/11685_lab.png,train
11688,train,,train/train-org-img/11688.jpg,train/train-label-img/11688_lab.png,train
11692,train,,train/train-org-img/11692.jpg,train/train-label-img/11692_lab.png,train
11693,train,,train/train-org-img/11693.jpg,train/train-label-img/11693_lab.png,train
11694,train,,train/train-org-img/11694.jpg,train/train-label-img/11694_lab.png,train
11695,train,,train/train-org-img/11695.jpg,train/train-label-img/11695_lab.png,train
11697,train,,train/train-org-img/11697.jpg,train/train-label-img/11697_lab.png,train
11698,train,,train/train-org-img/11698.jpg,train/train-label-img/11698_lab.png,train
11699,train,,train/train-org-img/11699.jpg,train/train-label-img/11699_lab.png,train
11700,train,,train/train-org-img/11700.jpg,train/train-label-img/11700_lab.png,train
11705,train,,train/train-org-img/11705.jpg,train/train-label-img/11705_lab.png,train
11706,train,,train/train-org-img/11706.jpg,train/train-label-img/11706_lab.png,train
11707,train,,train/train-org-img/11707.jpg,train/train-label-img/11707_lab.png,train
11708,train,,train/train-org-img/11708.jpg,train/train-label-img/11708_lab.png,train
11710,train,,train/train-org-img/11710.jpg,train/train-label-img/11710_lab.png,train
11711,train,,train/train-org-img/11711.jpg,train/train-label-img/11711_lab.png,train
11715,train,,train/train-org-img/11715.jpg,train/train-label-img/11715_lab.png,train
11716,train,,train/train-org-img/11716.jpg,train/train-label-img/11716_lab.png,train
11717,train,,train/train-org-img/11717.jpg,train/train-label-img/11717_lab.png,train
11718,train,,train/train-org-img/11718.jpg,train/train-label-img/11718_lab.png,train
11719,train,,train/train-org-img/11719.jpg,train/train-label-img/11719_lab.png,train
11720,train,,train/train-org-img/11720.jpg,train/train-label-img/11720_lab.png,train
11721,train,,train/train-org-img/11721.jpg,train/train-label-img/11721_lab.png,train
11722,train,,train/train-org-img/11722.jpg,train/train-label-img/11722_lab.png,train
11724,train,,train/train-org-img/11724.jpg,train/train-label-img/11724_lab.png,train
11728,train,,train/train-org-img/11728.jpg,train/train-label-img/11728_lab.png,train
11729,train,,train/train-org-img/11729.jpg,train/train-label-img/11729_lab.png,train
11730,train,,train/train-org-img/11730.jpg,train/train-label-img/11730_lab.png,train
11731,train,,train/train-org-img/11731.jpg,train/train-label-img/11731_lab.png,train
11732,train,,train/train-org-img/11732.jpg,train/train-label-img/11732_lab.png,train
11733,train,,train/train-org-img/11733.jpg,train/train-label-img/11733_lab.png,train
11734,train,,train/train-org-img/11734.jpg,train/train-label-img/11734_lab.png,train
11735,train,,train/train-org-img/11735.jpg,train/train-label-img/11735_lab.png,train
11736,train,,train/train-org-img/11736.jpg,train/train-label-img/11736_lab.png,train
11738,train,,train/train-org-img/11738.jpg,train/train-label-img/11738_lab.png,train
11739,train,,train/train-org-img/11739.jpg,train/train-label-img/11739_lab.png,train
11740,train,,train/train-org-img/11740.jpg,train/train-label-img/11740_lab.png,train
11766,train,,train/train-org-img/11766.jpg,train/train-label-img/11766_lab.png,train
11767,train,,train/train-org-img/11767.jpg,train/train-label-img/11767_lab.png,train
11770,train,,train/train-org-img/11770.jpg,train/train-label-img/11770_lab.png,train
11771,train,,train/train-org-img/11771.jpg,train/train-label-img/11771_lab.png,train
11772,train,,train/train-org-img/11772.jpg,train/train-label-img/11772_lab.png,train
11773,train,,train/train-org-img/11773.jpg,train/train-label-img/11773_lab.png,train
11775,train,,train/train-org-img/11775.jpg,train/train-label-img/11775_lab.png,train
11776,train,,train/train-org-img/11776.jpg,train/train-label-img/11776_lab.png,train
11777,train,,train/train-org-img/11777.jpg,train/train-label-img/11777_lab.png,train
11778,train,,train/train-org-img/11778.jpg,train/train-label-img/11778_lab.png,train
11779,train,,train/train-org-img/11779.jpg,train/train-label-img/11779_lab.png,train
11780,train,,train/train-org-img/11780.jpg,train/train-label-img/11780_lab.png,train
11781,train,,train/train-org-img/11781.jpg,train/train-label-img/11781_lab.png,train
11782,train,,train/train-org-img/11782.jpg,train/train-label-img/11782_lab.png,train
11783,train,,train/train-org-img/11783.jpg,train/train-label-img/11783_lab.png,train
11786,train,,train/train-org-img/11786.jpg,train/train-label-img/11786_lab.png,train
11787,train,,train/train-org-img/11787.jpg,train/train-label-img/11787_lab.png,train
11788,train,,train/train-org-img/11788.jpg,train/train-label-img/11788_lab.png,train
11789,train,,train/train-org-img/11789.jpg,train/train-label-img/11789_lab.png,train
11791,train,,train/train-org-img/11791.jpg,train/train-label-img/11791_lab.png,train
11793,train,,train/train-org-img/11793.jpg,train/train-label-img/11793_lab.png,train
11794,train,,train/train-org-img/11794.jpg,train/train-label-img/11794_lab.png,train
11795,train,,train/train-org-img/11795.jpg,train/train-label-img/11795_lab.png,train
11799,train,,train/train-org-img/11799.jpg,train/train-label-img/11799_lab.png,train
11800,train,,train/train-org-img/11800.jpg,train/train-label-img/11800_lab.png,train
11801,train,,train/train-org-img/11801.jpg,train/train-label-img/11801_lab.png,train
11803,train,,train/train-org-img/11803.jpg,train/train-label-img/11803_lab.png,train
11805,train,,train/train-org-img/11805.jpg,train/train-label-img/11805_lab.png,train
11807,train,,train/train-org-img/11807.jpg,train/train-label-img/11807_lab.png,train
11808,train,,train/train-org-img/11808.jpg,train/train-label-img/11808_lab.png,train
11809,train,,train/train-org-img/11809.jpg,train/train-label-img/11809_lab.png,train
11810,train,,train/train-org-img/11810.jpg,train/train-label-img/11810_lab.png,train
11811,train,,train/train-org-img/11811.jpg,train/train-label-img/11811_lab.png,train
11813,train,,train/train-org-img/11813.jpg,train/train-label-img/11813_lab.png,train
11814,train,,train/train-org-img/11814.jpg,train/train-label-img/11814_lab.png,train
11815,train,,train/train-org-img/11815.jpg,train/train-label-img/11815_lab.png,train
11816,train,,train/train-org-img/11816.jpg,train/train-label-img/11816_lab.png,train
11817,train,,train/train-org-img/11817.jpg,train/train-label-img/11817_lab.png,train
11819,train,,train/train-org-img/11819.jpg,train/train-label-img/11819_lab.png,train
11820,train,,train/train-org-img/11820.jpg,train/train-label-img/11820_lab.png,train
11821,train,,train/train-org-img/11821.jpg,train/train-label-img/11821_lab.png,train
11822,train,,train/train-org-img/11822.jpg,train/train-label-img/11822_lab.png,train
11824,train,,train/train-org-img/11824.jpg,train/train-label-img/11824_lab.png,train
11825,train,,train/train-org-img/11825.jpg,train/train-label-img/11825_lab.png,train
11827,train,,train/train-org-img/11827.jpg,train/train-label-img/11827_lab.png,train
11828,train,,train/train-org-img/11828.jpg,train/train-label-img/11828_lab.png,train
11829,train,,train/train-org-img/11829.jpg,train/train-label-img/11829_lab.png,train
11830,train,,train/train-org-img/11830.jpg,train/train-label-img/11830_lab.png,train
11831,train,,train/train-org-img/11831.jpg,train/train-label-img/11831_lab.png,train
11832,train,,train/train-org-img/11832.jpg,train/train-label-img/11832_lab.png,train
11833,train,,train/train-org-img/11833.jpg,train/train-label-img/11833_lab.png,train
11834,train,,train/train-org-img/11834.jpg,train/train-label-img/11834_lab.png,train
11835,train,,train/train-org-img/11835.jpg,train/train-label-img/11835_lab.png,train
11837,train,,train/train-org-img/11837.jpg,train/train-label-img/11837_lab.png,train
11838,train,,train/train-org-img/11838.jpg,train/train-label-img/11838_lab.png,train
11839,train,,train/train-org-img/11839.jpg,train/train-label-img/11839_lab.png,train
11840,train,,train/train-org-img/11840.jpg,train/train-label-img/11840_lab.png,train
11841,train,,train/train-org-img/11841.jpg,train/train-label-img/11841_lab.png,train
11843,train,,train/train-org-img/11843.jpg,train/train-label-img/11843_lab.png,train
11844,train,,train/train-org-img/11844.jpg,train/train-label-img/11844_lab.png,train
11845,train,,train/train-org-img/11845.jpg,train/train-label-img/11845_lab.png,train
11846,train,,train/train-org-img/11846.jpg,train/train-label-img/11846_lab.png,train
11847,train,,train/train-org-img/11847.jpg,train/train-label-img/11847_lab.png,train
11848,train,,train/train-org-img/11848.jpg,train/train-label-img/11848_lab.png,train
11849,train,,train/train-org-img/11849.jpg,train/train-label-img/11849_lab.png,train
11850,train,,train/train-org-img/11850.jpg,train/train-label-img/11850_lab.png,train
11851,train,,train/train-org-img/11851.jpg,train/train-label-img/11851_lab.png,train
11853,train,,train/train-org-img/11853.jpg,train/train-label-img/11853_lab.png,train
11854,train,,train/train-org-img/11854.jpg,train/train-label-img/11854_lab.png,train
11855,train,,train/train-org-img/11855.jpg,train/train-label-img/11855_lab.png,train
11856,train,,train/train-org-img/11856.jpg,train/train-label-img/11856_lab.png,train
11857,train,,train/train-org-img/11857.jpg,train/train-label-img/11857_lab.png,train
11858,train,,train/train-org-img/11858.jpg,train/train-label-img/11858_lab.png,train
11860,train,,train/train-org-img/11860.jpg,train/train-label-img/11860_lab.png,train
11861,train,,train/train-org-img/11861.jpg,train/train-label-img/11861_lab.png,train
11862,train,,train/train-org-img/11862.jpg,train/train-label-img/11862_lab.png,train
11863,train,,train/train-org-img/11863.jpg,train/train-label-img/11863_lab.png,train
11864,train,,train/train-org-img/11864.jpg,train/train-label-img/11864_lab.png,train
11865,train,,train/train-org-img/11865.jpg,train/train-label-img/11865_lab.png,train
11866,train,,train/train-org-img/11866.jpg,train/train-label-img/11866_lab.png,train
11867,train,,train/train-org-img/11867.jpg,train/train-label-img/11867_lab.png,train
11869,train,,train/train-org-img/11869.jpg,train/train-label-img/11869_lab.png,train
11872,train,,train/train-org-img/11872.jpg,train/train-label-img/11872_lab.png,train
11873,train,,train/train-org-img/11873.jpg,train/train-label-img/11873_lab.png,train
11874,train,,train/train-org-img/11874.jpg,train/train-label-img/11874_lab.png,train
11877,train,,train/train-org-img/11877.jpg,train/train-label-img/11877_lab.png,train
11878,train,,train/train-org-img/11878.jpg,train/train-label-img/11878_lab.png,train
11879,train,,train/train-org-img/11879.jpg,train/train-label-img/11879_lab.png,train
11888,train,,train/train-org-img/11888.jpg,train/train-label-img/11888_lab.png,train
11889,train,,train/train-org-img/11889.jpg,train/train-label-img/11889_lab.png,train
11891,train,,train/train-org-img/11891.jpg,train/train-label-img/11891_lab.png,train
11892,train,,train/train-org-img/11892.jpg,train/train-label-img/11892_lab.png,train
11893,train,,train/train-org-img/11893.jpg,train/train-label-img/11893_lab.png,train
11894,train,,train/train-org-img/11894.jpg,train/train-label-img/11894_lab.png,train
11895,train,,train/train-org-img/11895.jpg,train/train-label-img/11895_lab.png,train
11897,train,,train/train-org-img/11897.jpg,train/train-label-img/11897_lab.png,train
11898,train,,train/train-org-img/11898.jpg,train/train-label-img/11898_lab.png,train
11899,train,,train/train-org-img/11899.jpg,train/train-label-img/11899_lab.png,train
11900,train,,train/train-org-img/11900.jpg,train/train-label-img/11900_lab.png,train
11901,train,,train/train-org-img/11901.jpg,train/train-label-img/11901_lab.png,train
11902,train,,train/train-org-img/11902.jpg,train/train-label-img/11902_lab.png,train
11904,train,,train/train-org-img/11904.jpg,train/train-label-img/11904_lab.png,train
11906,train,,train/train-org-img/11906.jpg,train/train-label-img/11906_lab.png,train
11907,train,,train/train-org-img/11907.jpg,train/train-label-img/11907_lab.png,train
11908,train,,train/train-org-img/11908.jpg,train/train-label-img/11908_lab.png,train
11909,train,,train/train-org-img/11909.jpg,train/train-label-img/11909_lab.png,train
11910,train,,train/train-org-img/11910.jpg,train/train-label-img/11910_lab.png,train
11911,train,,train/train-org-img/11911.jpg,train/train-label-img/11911_lab.png,train
11912,train,,train/train-org-img/11912.jpg,train/train-label-img/11912_lab.png,train
11913,train,,train/train-org-img/11913.jpg,train/train-label-img/11913_lab.png,train
11917,train,,train/train-org-img/11917.jpg,train/train-label-img/11917_lab.png,train
11919,train,,train/train-org-img/11919.jpg,train/train-label-img/11919_lab.png,train
11920,train,,train/train-org-img/11920.jpg,train/train-label-img/11920_lab.png,train
11921,train,,train/train-org-img/11921.jpg,train/train-label-img/11921_lab.png,train
11922,train,,train/train-org-img/11922.jpg,train/train-label-img/11922_lab.png,train
11923,train,,train/train-org-img/11923.jpg,train/train-label-img/11923_lab.png,train
11925,train,,train/train-org-img/11925.jpg,train/train-label-img/11925_lab.png,train
11926,train,,train/train-org-img/11926.jpg,train/train-label-img/11926_lab.png,train
11927,train,,train/train-org-img/11927.jpg,train/train-label-img/11927_lab.png,train
11928,train,,train/train-org-img/11928.jpg,train/train-label-img/11928_lab.png,train
11929,train,,train/train-org-img/11929.jpg,train/train-label-img/11929_lab.png,train
11930,train,,train/train-org-img/11930.jpg,train/train-label-img/11930_lab.png,train
11931,train,,train/train-org-img/11931.jpg,train/train-label-img/11931_lab.png,train
11933,train,,train/train-org-img/11933.jpg,train/train-label-img/11933_lab.png,train
11934,train,,train/train-org-img/11934.jpg,train/train-label-img/11934_lab.png,train
11935,train,,train/train-org-img/11935.jpg,train/train-label-img/11935_lab.png,train
11937,train,,train/train-org-img/11937.jpg,train/train-label-img/11937_lab.png,train
11938,train,,train/train-org-img/11938.jpg,train/train-label-img/11938_lab.png,train
11940,train,,train/train-org-img/11940.jpg,train/train-label-img/11940_lab.png,train
11941,train,,train/train-org-img/11941.jpg,train/train-label-img/11941_lab.png,train
11942,train,,train/train-org-img/11942.jpg,train/train-label-img/11942_lab.png,train
11944,train,,train/train-org-img/11944.jpg,train/train-label-img/11944_lab.png,train
11945,train,,train/train-org-img/11945.jpg,train/train-label-img/11945_lab.png,train
11947,train,,train/train-org-img/11947.jpg,train/train-label-img/11947_lab.png,train
11948,train,,train/train-org-img/11948.jpg,train/train-label-img/11948_lab.png,train
11949,train,,train/train-org-img/11949.jpg,train/train-label-img/11949_lab.png,train
11950,train,,train/train-org-img/11950.jpg,train/train-label-img/11950_lab.png,train
11951,train,,train/train-org-img/11951.jpg,train/train-label-img/11951_lab.png,train
11952,train,,train/train-org-img/11952.jpg,train/train-label-img/11952_lab.png,train
11953,train,,train/train-org-img/11953.jpg,train/train-label-img/11953_lab.png,train
11954,train,,train/train-org-img/11954.jpg,train/train-label-img/11954_lab.png,train
11956,train,,train/train-org-img/11956.jpg,train/train-label-img/11956_lab.png,train
11957,train,,train/train-org-img/11957.jpg,train/train-label-img/11957_lab.png,train
11958,train,,train/train-org-img/11958.jpg,train/train-label-img/11958_lab.png,train
11960,train,,train/train-org-img/11960.jpg,train/train-label-img/11960_lab.png,train
11962,train,,train/train-org-img/11962.jpg,train/train-label-img/11962_lab.png,train
11963,train,,train/train-org-img/11963.jpg,train/train-label-img/11963_lab.png,train
11964,train,,train/train-org-img/11964.jpg,train/train-label-img/11964_lab.png,train
11966,train,,train/train-org-img/11966.jpg,train/train-label-img/11966_lab.png,train
11967,train,,train/train-org-img/11967.jpg,train/train-label-img/11967_lab.png,train
11968,train,,train/train-org-img/11968.jpg,train/train-label-img/11968_lab.png,train
11969,train,,train/train-org-img/11969.jpg,train/train-label-img/11969_lab.png,train
11970,train,,train/train-org-img/11970.jpg,train/train-label-img/11970_lab.png,train
11972,train,,train/train-org-img/11972.jpg,train/train-label-img/11972_lab.png,train
11973,train,,train/train-org-img/11973.jpg,train/train-label-img/11973_lab.png,train
11974,train,,train/train-org-img/11974.jpg,train/train-label-img/11974_lab.png,train
11975,train,,train/train-org-img/11975.jpg,train/train-label-img/11975_lab.png,train
11976,train,,train/train-org-img/11976.jpg,train/train-label-img/11976_lab.png,train
11977,train,,train/train-org-img/11977.jpg,train/train-label-img/11977_lab.png,train
11980,train,,train/train-org-img/11980.jpg,train/train-label-img/11980_lab.png,train
11981,train,,train/train-org-img/11981.jpg,train/train-label-img/11981_lab.png,train
11982,train,,train/train-org-img/11982.jpg,train/train-label-img/11982_lab.png,train
11983,train,,train/train-org-img/11983.jpg,train/train-label-img/11983_lab.png,train
11984,train,,train/train-org-img/11984.jpg,train/train-label-img/11984_lab.png,train
11986,train,,train/train-org-img/11986.jpg,train/train-label-img/11986_lab.png,train
11988,train,,train/train-org-img/11988.jpg,train/train-label-img/11988_lab.png,train
11991,train,,train/train-org-img/11991.jpg,train/train-label-img/11991_lab.png,train
11992,train,,train/train-org-img/11992.jpg,train/train-label-img/11992_lab.png,train
11994,train,,train/train-org-img/11994.jpg,train/train-label-img/11994_lab.png,train
11995,train,,train/train-org-img/11995.jpg,train/train-label-img/11995_lab.png,train
11997,train,,train/train-org-img/11997.jpg,train/train-label-img/11997_lab.png,train
11998,train,,train/train-org-img/11998.jpg,train/train-label-img/11998_lab.png,train
12000,train,,train/train-org-img/12000.jpg,train/train-label-img/12000_lab.png,train
12001,train,,train/train-org-img/12001.jpg,train/train-label-img/12001_lab.png,train
12002,train,,train/train-org-img/12002.jpg,train/train-label-img/12002_lab.png,train
12004,train,,train/train-org-img/12004.jpg,train/train-label-img/12004_lab.png,train
12005,train,,train/train-org-img/12005.jpg,train/train-label-img/12005_lab.png,train
12006,train,,train/train-org-img/12006.jpg,train/train-label-img/12006_lab.png,train
12008,train,,train/train-org-img/12008.jpg,train/train-label-img/12008_lab.png,train
12009,train,,train/train-org-img/12009.jpg,train/train-label-img/12009_lab.png,train
12010,train,,train/train-org-img/12010.jpg,train/train-label-img/12010_lab.png,train
12011,train,,train/train-org-img/12011.jpg,train/train-label-img/12011_lab.png,train
12013,train,,train/train-org-img/12013.jpg,train/train-label-img/12013_lab.png,train
12014,train,,train/train-org-img/12014.jpg,train/train-label-img/12014_lab.png,train
12015,train,,train/train-org-img/12015.jpg,train/train-label-img/12015_lab.png,train
12018,train,,train/train-org-img/12018.jpg,train/train-label-img/12018_lab.png,train
12019,train,,train/train-org-img/12019.jpg,train/train-label-img/12019_lab.png,train
12020,train,,train/train-org-img/12020.jpg,train/train-label-img/12020_lab.png,train
12021,train,,train/train-org-img/12021.jpg,train/train-label-img/12021_lab.png,train
12022,train,,train/train-org-img/12022.jpg,train/train-label-img/12022_lab.png,train
12025,train,,train/train-org-img/12025.jpg,train/train-label-img/12025_lab.png,train
12026,train,,train/train-org-img/12026.jpg,train/train-label-img/12026_lab.png,train
12027,train,,train/train-org-img/12027.jpg,train/train-label-img/12027_lab.png,train
12028,train,,train/train-org-img/12028.jpg,train/train-label-img/12028_lab.png,train
12029,train,,train/train-org-img/12029.jpg,train/train-label-img/12029_lab.png,train
12030,train,,train/train-org-img/12030.jpg,train/train-label-img/12030_lab.png,train
12031,train,,train/train-org-img/12031.jpg,train/train-label-img/12031_lab.png,train
12032,train,,train/train-org-img/12032.jpg,train/train-label-img/12032_lab.png,train
12033,train,,train/train-org-img/12033.jpg,train/train-label-img/12033_lab.png,train
12035,train,,train/train-org-img/12035.jpg,train/train-label-img/12035_lab.png,train
12037,train,,train/train-org-img/12037.jpg,train/train-label-img/12037_lab.png,train
12038,train,,train/train-org-img/12038.jpg,train/train-label-img/12038_lab.png,train
12039,train,,train/train-org-img/12039.jpg,train/train-label-img/12039_lab.png,train
12040,train,,train/train-org-img/12040.jpg,train/train-label-img/12040_lab.png,train
12041,train,,train/train-org-img/12041.jpg,train/train-label-img/12041_lab.png,train
12042,train,,train/train-org-img/12042.jpg,train/train-label-img/12042_lab.png,train
12043,train,,train/train-org-img/12043.jpg,train/train-label-img/12043_lab.png,train
12044,train,,train/train-org-img/12044.jpg,train/train-label-img/12044_lab.png,train
12046,train,,train/train-org-img/12046.jpg,train/train-label-img/12046_lab.png,train
12048,train,,train/train-org-img/12048.jpg,train/train-label-img/12048_lab.png,train
12049,train,,train/train-org-img/12049.jpg,train/train-label-img/12049_lab.png,train
12050,train,,train/train-org-img/12050.jpg,train/train-label-img/12050_lab.png,train
12051,train,,train/train-org-img/12051.jpg,train/train-label-img/12051_lab.png,train
12052,train,,train/train-org-img/12052.jpg,train/train-label-img/12052_lab.png,train
12053,train,,train/train-org-img/12053.jpg,train/train-label-img/12053_lab.png,train
12055,train,,train/train-org-img/12055.jpg,train/train-label-img/12055_lab.png,train
12057,train,,train/train-org-img/12057.jpg,train/train-label-img/12057_lab.png,train
12058,train,,train/train-org-img/12058.jpg,train/train-label-img/12058_lab.png,train
12059,train,,train/train-org-img/12059.jpg,train/train-label-img/12059_lab.png,train
12060,train,,train/train-org-img/12060.jpg,train/train-label-img/12060_lab.png,train
12061,train,,train/train-org-img/12061.jpg,train/train-label-img/12061_lab.png,train
12062,train,,train/train-org-img/12062.jpg,train/train-label-img/12062_lab.png,train
12063,train,,train/train-org-img/12063.jpg,train/train-label-img/12063_lab.png,train
12064,train,,train/train-org-img/12064.jpg,train/train-label-img/12064_lab.png,train
12066,train,,train/train-org-img/12066.jpg,train/train-label-img/12066_lab.png,train
12067,train,,train/train-org-img/12067.jpg,train/train-label-img/12067_lab.png,train
12068,train,,train/train-org-img/12068.jpg,train/train-label-img/12068_lab.png,train
12071,train,,train/train-org-img/12071.jpg,train/train-label-img/12071_lab.png,train
12072,train,,train/train-org-img/12072.jpg,train/train-label-img/12072_lab.png,train
12073,train,,train/train-org-img/12073.jpg,train/train-label-img/12073_lab.png,train
12074,train,,train/train-org-img/12074.jpg,train/train-label-img/12074_lab.png,train
12079,train,,train/train-org-img/12079.jpg,train/train-label-img/12079_lab.png,train
12080,train,,train/train-org-img/12080.jpg,train/train-label-img/12080_lab.png,train
12082,train,,train/train-org-img/12082.jpg,train/train-label-img/12082_lab.png,train
12083,train,,train/train-org-img/12083.jpg,train/train-label-img/12083_lab.png,train
12084,train,,train/train-org-img/12084.jpg,train/train-label-img/12084_lab.png,train
12085,train,,train/train-org-img/12085.jpg,train/train-label-img/12085_lab.png,train
12086,train,,train/train-org-img/12086.jpg,train/train-label-img/12086_lab.png,train
12088,train,,train/train-org-img/12088.jpg,train/train-label-img/12088_lab.png,train
12089,train,,train/train-org-img/12089.jpg,train/train-label-img/12089_lab.png,train
12090,train,,train/train-org-img/12090.jpg,train/train-label-img/12090_lab.png,train
12092,train,,train/train-org-img/12092.jpg,train/train-label-img/12092_lab.png,train
12094,train,,train/train-org-img/12094.jpg,train/train-label-img/12094_lab.png,train
12096,train,,train/train-org-img/12096.jpg,train/train-label-img/12096_lab.png,train
12097,train,,train/train-org-img/12097.jpg,train/train-label-img/12097_lab.png,train
12098,train,,train/train-org-img/12098.jpg,train/train-label-img/12098_lab.png,train
12100,train,,train/train-org-img/12100.jpg,train/train-label-img/12100_lab.png,train
12101,train,,train/train-org-img/12101.jpg,train/train-label-img/12101_lab.png,train
12102,train,,train/train-org-img/12102.jpg,train/train-label-img/12102_lab.png,train
12103,train,,train/train-org-img/12103.jpg,train/train-label-img/12103_lab.png,train
12104,train,,train/train-org-img/12104.jpg,train/train-label-img/12104_lab.png,train
12106,train,,train/train-org-img/12106.jpg,train/train-label-img/12106_lab.png,train
12108,train,,train/train-org-img/12108.jpg,train/train-label-img/12108_lab.png,train
12109,train,,train/train-org-img/12109.jpg,train/train-label-img/12109_lab.png,train
12110,train,,train/train-org-img/12110.jpg,train/train-label-img/12110_lab.png,train
12111,train,,train/train-org-img/12111.jpg,train/train-label-img/12111_lab.png,train
12112,train,,train/train-org-img/12112.jpg,train/train-label-img/12112_lab.png,train
12113,train,,train/train-org-img/12113.jpg,train/train-label-img/12113_lab.png,train
12114,train,,train/train-org-img/12114.jpg,train/train-label-img/12114_lab.png,train
12115,train,,train/train-org-img/12115.jpg,train/train-label-img/12115_lab.png,train
12116,train,,train/train-org-img/12116.jpg,train/train-label-img/12116_lab.png,train
12117,train,,train/train-org-img/12117.jpg,train/train-label-img/12117_lab.png,train
12118,train,,train/train-org-img/12118.jpg,train/train-label-img/12118_lab.png,train
12120,train,,train/train-org-img/12120.jpg,train/train-label-img/12120_lab.png,train
12121,train,,train/train-org-img/12121.jpg,train/train-label-img/12121_lab.png,train
12122,train,,train/train-org-img/12122.jpg,train/train-label-img/12122_lab.png,train
12123,train,,train/train-org-img/12123.jpg,train/train-label-img/12123_lab.png,train
12124,train,,train/train-org-img/12124.jpg,train/train-label-img/12124_lab.png,train
12125,train,,train/train-org-img/12125.jpg,train/train-label-img/12125_lab.png,train
12127,train,,train/train-org-img/12127.jpg,train/train-label-img/12127_lab.png,train
12128,train,,train/train-org-img/12128.jpg,train/train-label-img/12128_lab.png,train
12130,train,,train/train-org-img/12130.jpg,train/train-label-img/12130_lab.png,train
12132,train,,train/train-org-img/12132.jpg,train/train-label-img/12132_lab.png,train
12135,train,,train/train-org-img/12135.jpg,train/train-label-img/12135_lab.png,train
12136,train,,train/train-org-img/12136.jpg,train/train-label-img/12136_lab.png,train
12138,train,,train/train-org-img/12138.jpg,train/train-label-img/12138_lab.png,train
12139,train,,train/train-org-img/12139.jpg,train/train-label-img/12139_lab.png,train
12141,train,,train/train-org-img/12141.jpg,train/train-label-img/12141_lab.png,train
12142,train,,train/train-org-img/12142.jpg,train/train-label-img/12142_lab.png,train
12144,train,,train/train-org-img/12144.jpg,train/train-label-img/12144_lab.png,train
12145,train,,train/train-org-img/12145.jpg,train/train-label-img/12145_lab.png,train
12146,train,,train/train-org-img/12146.jpg,train/train-label-img/12146_lab.png,train
12147,train,,train/train-org-img/12147.jpg,train/train-label-img/12147_lab.png,train
12149,train,,train/train-org-img/12149.jpg,train/train-label-img/12149_lab.png,train
12150,train,,train/train-org-img/12150.jpg,train/train-label-img/12150_lab.png,train
12151,train,,train/train-org-img/12151.jpg,train/train-label-img/12151_lab.png,train
12152,train,,train/train-org-img/12152.jpg,train/train-label-img/12152_lab.png,train
12153,train,,train/train-org-img/12153.jpg,train/train-label-img/12153_lab.png,train
12154,train,,train/train-org-img/12154.jpg,train/train-label-img/12154_lab.png,train
12155,train,,train/train-org-img/12155.jpg,train/train-label-img/12155_lab.png,train
12157,train,,train/train-org-img/12157.jpg,train/train-label-img/12157_lab.png,train
12158,train,,train/train-org-img/12158.jpg,train/train-label-img/12158_lab.png,train
12160,train,,train/train-org-img/12160.jpg,train/train-label-img/12160_lab.png,train
12161,train,,train/train-org-img/12161.jpg,train/train-label-img/12161_lab.png,train
12163,train,,train/train-org-img/12163.jpg,train/train-label-img/12163_lab.png,train
12164,train,,train/train-org-img/12164.jpg,train/train-label-img/12164_lab.png,train
12165,train,,train/train-org-img/12165.jpg,train/train-label-img/12165_lab.png,train
12166,train,,train/train-org-img/12166.jpg,train/train-label-img/12166_lab.png,train
12167,train,,train/train-org-img/12167.jpg,train/train-label-img/12167_lab.png,train
12171,train,,train/train-org-img/12171.jpg,train/train-label-img/12171_lab.png,train
12173,train,,train/train-org-img/12173.jpg,train/train-label-img/12173_lab.png,train
12174,train,,train/train-org-img/12174.jpg,train/train-label-img/12174_lab.png,train
12175,train,,train/train-org-img/12175.jpg,train/train-label-img/12175_lab.png,train
12176,train,,train/train-org-img/12176.jpg,train/train-label-img/12176_lab.png,train
12179,train,,train/train-org-img/12179.jpg,train/train-label-img/12179_lab.png,train
12180,train,,train/train-org-img/12180.jpg,train/train-label-img/12180_lab.png,train
12181,train,,train/train-org-img/12181.jpg,train/train-label-img/12181_lab.png,train
12183,train,,train/train-org-img/12183.jpg,train/train-label-img/12183_lab.png,train
12184,train,,train/train-org-img/12184.jpg,train/train-label-img/12184_lab.png,train
12186,train,,train/train-org-img/12186.jpg,train/train-label-img/12186_lab.png,train
12187,train,,train/train-org-img/12187.jpg,train/train-label-img/12187_lab.png,train
12189,train,,train/train-org-img/12189.jpg,train/train-label-img/12189_lab.png,train
12190,train,,train/train-org-img/12190.jpg,train/train-label-img/12190_lab.png,train
12191,train,,train/train-org-img/12191.jpg,train/train-label-img/12191_lab.png,train
12192,train,,train/train-org-img/12192.jpg,train/train-label-img/12192_lab.png,train
12193,train,,train/train-org-img/12193.jpg,train/train-label-img/12193_lab.png,train
12194,train,,train/train-org-img/12194.jpg,train/train-label-img/12194_lab.png,train
12196,train,,train/train-org-img/12196.jpg,train/train-label-img/12196_lab.png,train
12197,train,,train/train-org-img/12197.jpg,train/train-label-img/12197_lab.png,train
12199,train,,train/train-org-img/12199.jpg,train/train-label-img/12199_lab.png,train
12200,train,,train/train-org-img/12200.jpg,train/train-label-img/12200_lab.png,train
12201,train,,train/train-org-img/12201.jpg,train/train-label-img/12201_lab.png,train
12202,train,,train/train-org-img/12202.jpg,train/train-label-img/12202_lab.png,train
12203,train,,train/train-org-img/12203.jpg,train/train-label-img/12203_lab.png,train
12204,train,,train/train-org-img/12204.jpg,train/train-label-img/12204_lab.png,train
12205,train,,train/train-org-img/12205.jpg,train/train-label-img/12205_lab.png,train
12206,train,,train/train-org-img/12206.jpg,train/train-label-img/12206_lab.png,train
12207,train,,train/train-org-img/12207.jpg,train/train-label-img/12207_lab.png,train
12208,train,,train/train-org-img/12208.jpg,train/train-label-img/12208_lab.png,train
12209,train,,train/train-org-img/12209.jpg,train/train-label-img/12209_lab.png,train
12210,train,,train/train-org-img/12210.jpg,train/train-label-img/12210_lab.png,train
12211,train,,train/train-org-img/12211.jpg,train/train-label-img/12211_lab.png,train
12212,train,,train/train-org-img/12212.jpg,train/train-label-img/12212_lab.png,train
12213,train,,train/train-org-img/12213.jpg,train/train-label-img/12213_lab.png,train
12215,train,,train/train-org-img/12215.jpg,train/train-label-img/12215_lab.png,train
12216,train,,train/train-org-img/12216.jpg,train/train-label-img/12216_lab.png,train
12217,train,,train/train-org-img/12217.jpg,train/train-label-img/12217_lab.png,train
12218,train,,train/train-org-img/12218.jpg,train/train-label-img/12218_lab.png,train
12219,train,,train/train-org-img/12219.jpg,train/train-label-img/12219_lab.png,train
12220,train,,train/train-org-img/12220.jpg,train/train-label-img/12220_lab.png,train
12222,train,,train/train-org-img/12222.jpg,train/train-label-img/12222_lab.png,train
12223,train,,train/train-org-img/12223.jpg,train/train-label-img/12223_lab.png,train
12225,train,,train/train-org-img/12225.jpg,train/train-label-img/12225_lab.png,train
12226,train,,train/train-org-img/12226.jpg,train/train-label-img/12226_lab.png,train
12227,train,,train/train-org-img/12227.jpg,train/train-label-img/12227_lab.png,train
12228,train,,train/train-org-img/12228.jpg,train/train-label-img/12228_lab.png,train
12229,train,,train/train-org-img/12229.jpg,train/train-label-img/12229_lab.png,train
12230,train,,train/train-org-img/12230.jpg,train/train-label-img/12230_lab.png,train
12231,train,,train/train-org-img/12231.jpg,train/train-label-img/12231_lab.png,train
12232,train,,train/train-org-img/12232.jpg,train/train-label-img/12232_lab.png,train
12233,train,,train/train-org-img/12233.jpg,train/train-label-img/12233_lab.png,train
12235,train,,train/train-org-img/12235.jpg,train/train-label-img/12235_lab.png,train
12239,train,,train/train-org-img/12239.jpg,train/train-label-img/12239_lab.png,train
12240,train,,train/train-org-img/12240.jpg,train/train-label-img/12240_lab.png,train
12241,train,,train/train-org-img/12241.jpg,train/train-label-img/12241_lab.png,train
12242,train,,train/train-org-img/12242.jpg,train/train-label-img/12242_lab.png,train
12243,train,,train/train-org-img/12243.jpg,train/train-label-img/12243_lab.png,train
12244,train,,train/train-org-img/12244.jpg,train/train-label-img/12244_lab.png,train
12245,train,,train/train-org-img/12245.jpg,train/train-label-img/12245_lab.png,train
12246,train,,train/train-org-img/12246.jpg,train/train-label-img/12246_lab.png,train
12247,train,,train/train-org-img/12247.jpg,train/train-label-img/12247_lab.png,train
12248,train,,train/train-org-img/12248.jpg,train/train-label-img/12248_lab.png,train
12249,train,,train/train-org-img/12249.jpg,train/train-label-img/12249_lab.png,train
12251,train,,train/train-org-img/12251.jpg,train/train-label-img/12251_lab.png,train
12254,train,,train/train-org-img/12254.jpg,train/train-label-img/12254_lab.png,train
12255,train,,train/train-org-img/12255.jpg,train/train-label-img/12255_lab.png,train
12256,train,,train/train-org-img/12256.jpg,train/train-label-img/12256_lab.png,train
12257,train,,train/train-org-img/12257.jpg,train/train-label-img/12257_lab.png,train
12258,train,,train/train-org-img/12258.jpg,train/train-label-img/12258_lab.png,train
12261,train,,train/train-org-img/12261.jpg,train/train-label-img/12261_lab.png,train
12262,train,,train/train-org-img/12262.jpg,train/train-label-img/12262_lab.png,train
12263,train,,train/train-org-img/12263.jpg,train/train-label-img/12263_lab.png,train
12264,train,,train/train-org-img/12264.jpg,train/train-label-img/12264_lab.png,train
12265,train,,train/train-org-img/12265.jpg,train/train-label-img/12265_lab.png,train
12267,train,,train/train-org-img/12267.jpg,train/train-label-img/12267_lab.png,train
12270,train,,train/train-org-img/12270.jpg,train/train-label-img/12270_lab.png,train
12271,train,,train/train-org-img/12271.jpg,train/train-label-img/12271_lab.png,train
12273,train,,train/train-org-img/12273.jpg,train/train-label-img/12273_lab.png,train
12274,train,,train/train-org-img/12274.jpg,train/train-label-img/12274_lab.png,train
12275,train,,train/train-org-img/12275.jpg,train/train-label-img/12275_lab.png,train
12277,train,,train/train-org-img/12277.jpg,train/train-label-img/12277_lab.png,train
12279,train,,train/train-org-img/12279.jpg,train/train-label-img/12279_lab.png,train
12281,train,,train/train-org-img/12281.jpg,train/train-label-img/12281_lab.png,train
12282,train,,train/train-org-img/12282.jpg,train/train-label-img/12282_lab.png,train
12283,train,,train/train-org-img/12283.jpg,train/train-label-img/12283_lab.png,train
12284,train,,train/train-org-img/12284.jpg,train/train-label-img/12284_lab.png,train
12285,train,,train/train-org-img/12285.jpg,train/train-label-img/12285_lab.png,train
12286,train,,train/train-org-img/12286.jpg,train/train-label-img/12286_lab.png,train
12287,train,,train/train-org-img/12287.jpg,train/train-label-img/12287_lab.png,train
12288,train,,train/train-org-img/12288.jpg,train/train-label-img/12288_lab.png,train
12289,train,,train/train-org-img/12289.jpg,train/train-label-img/12289_lab.png,train
12290,train,,train/train-org-img/12290.jpg,train/train-label-img/12290_lab.png,train
12291,train,,train/train-org-img/12291.jpg,train/train-label-img/12291_lab.png,train
12292,train,,train/train-org-img/12292.jpg,train/train-label-img/12292_lab.png,train
12293,train,,train/train-org-img/12293.jpg,train/train-label-img/12293_lab.png,train
12294,train,,train/train-org-img/12294.jpg,train/train-label-img/12294_lab.png,train
12295,train,,train/train-org-img/12295.jpg,train/train-label-img/12295_lab.png,train
12296,train,,train/train-org-img/12296.jpg,train/train-label-img/12296_lab.png,train
12297,train,,train/train-org-img/12297.jpg,train/train-label-img/12297_lab.png,train
12299,train,,train/train-org-img/12299.jpg,train/train-label-img/12299_lab.png,train
12300,train,,train/train-org-img/12300.jpg,train/train-label-img/12300_lab.png,train
12301,train,,train/train-org-img/12301.jpg,train/train-label-img/12301_lab.png,train
12302,train,,train/train-org-img/12302.jpg,train/train-label-img/12302_lab.png,train
12303,train,,train/train-org-img/12303.jpg,train/train-label-img/12303_lab.png,train
12304,train,,train/train-org-img/12304.jpg,train/train-label-img/12304_lab.png,train
12305,train,,train/train-org-img/12305.jpg,train/train-label-img/12305_lab.png,train
12307,train,,train/train-org-img/12307.jpg,train/train-label-img/12307_lab.png,train
12308,train,,train/train-org-img/12308.jpg,train/train-label-img/12308_lab.png,train
12309,train,,train/train-org-img/12309.jpg,train/train-label-img/12309_lab.png,train
12310,train,,train/train-org-img/12310.jpg,train/train-label-img/12310_lab.png,train
12311,train,,train/train-org-img/12311.jpg,train/train-label-img/12311_lab.png,train
12312,train,,train/train-org-img/12312.jpg,train/train-label-img/12312_lab.png,train
12313,train,,train/train-org-img/12313.jpg,train/train-label-img/12313_lab.png,train
12314,train,,train/train-org-img/12314.jpg,train/train-label-img/12314_lab.png,train
12315,train,,train/train-org-img/12315.jpg,train/train-label-img/12315_lab.png,train
12316,train,,train/train-org-img/12316.jpg,train/train-label-img/12316_lab.png,train
12317,train,,train/train-org-img/12317.jpg,train/train-label-img/12317_lab.png,train
12318,train,,train/train-org-img/12318.jpg,train/train-label-img/12318_lab.png,train
12319,train,,train/train-org-img/12319.jpg,train/train-label-img/12319_lab.png,train
12321,train,,train/train-org-img/12321.jpg,train/train-label-img/12321_lab.png,train
12322,train,,train/train-org-img/12322.jpg,train/train-label-img/12322_lab.png,train
12325,train,,train/train-org-img/12325.jpg,train/train-label-img/12325_lab.png,train
12326,train,,train/train-org-img/12326.jpg,train/train-label-img/12326_lab.png,train
12328,train,,train/train-org-img/12328.jpg,train/train-label-img/12328_lab.png,train
12329,train,,train/train-org-img/12329.jpg,train/train-label-img/12329_lab.png,train
12330,train,,train/train-org-img/12330.jpg,train/train-label-img/12330_lab.png,train
12331,train,,train/train-org-img/12331.jpg,train/train-label-img/12331_lab.png,train
12332,train,,train/train-org-img/12332.jpg,train/train-label-img/12332_lab.png,train
12333,train,,train/train-org-img/12333.jpg,train/train-label-img/12333_lab.png,train
12334,train,,train/train-org-img/12334.jpg,train/train-label-img/12334_lab.png,train
12335,train,,train/train-org-img/12335.jpg,train/train-label-img/12335_lab.png,train
12336,train,,train/train-org-img/12336.jpg,train/train-label-img/12336_lab.png,train
12337,train,,train/train-org-img/12337.jpg,train/train-label-img/12337_lab.png,train
12338,train,,train/train-org-img/12338.jpg,train/train-label-img/12338_lab.png,train
12340,train,,train/train-org-img/12340.jpg,train/train-label-img/12340_lab.png,train
12341,train,,train/train-org-img/12341.jpg,train/train-label-img/12341_lab.png,train
12342,train,,train/train-org-img/12342.jpg,train/train-label-img/12342_lab.png,train
12343,train,,train/train-org-img/12343.jpg,train/train-label-img/12343_lab.png,train
12344,train,,train/train-org-img/12344.jpg,train/train-label-img/12344_lab.png,train
12345,train,,train/train-org-img/12345.jpg,train/train-label-img/12345_lab.png,train
12346,train,,train/train-org-img/12346.jpg,train/train-label-img/12346_lab.png,train
12347,train,,train/train-org-img/12347.jpg,train/train-label-img/12347_lab.png,train
12348,train,,train/train-org-img/12348.jpg,train/train-label-img/12348_lab.png,train
12349,train,,train/train-org-img/12349.jpg,train/train-label-img/12349_lab.png,train
12350,train,,train/train-org-img/12350.jpg,train/train-label-img/12350_lab.png,train
12351,train,,train/train-org-img/12351.jpg,train/train-label-img/12351_lab.png,train
12352,train,,train/train-org-img/12352.jpg,train/train-label-img/12352_lab.png,train
12353,train,,train/train-org-img/12353.jpg,train/train-label-img/12353_lab.png,train
12354,train,,train/train-org-img/12354.jpg,train/train-label-img/12354_lab.png,train
12355,train,,train/train-org-img/12355.jpg,train/train-label-img/12355_lab.png,train
12356,train,,train/train-org-img/12356.jpg,train/train-label-img/12356_lab.png,train
12357,train,,train/train-org-img/12357.jpg,train/train-label-img/12357_lab.png,train
12358,train,,train/train-org-img/12358.jpg,train/train-label-img/12358_lab.png,train
12359,train,,train/train-org-img/12359.jpg,train/train-label-img/12359_lab.png,train
12360,train,,train/train-org-img/12360.jpg,train/train-label-img/12360_lab.png,train
12361,train,,train/train-org-img/12361.jpg,train/train-label-img/12361_lab.png,train
12362,train,,train/train-org-img/12362.jpg,train/train-label-img/12362_lab.png,train
12363,train,,train/train-org-img/12363.jpg,train/train-label-img/12363_lab.png,train
12364,train,,train/train-org-img/12364.jpg,train/train-label-img/12364_lab.png,train
12366,train,,train/train-org-img/12366.jpg,train/train-label-img/12366_lab.png,train
12367,train,,train/train-org-img/12367.jpg,train/train-label-img/12367_lab.png,train
12368,train,,train/train-org-img/12368.jpg,train/train-label-img/12368_lab.png,train
12369,train,,train/train-org-img/12369.jpg,train/train-label-img/12369_lab.png,train
12370,train,,train/train-org-img/12370.jpg,train/train-label-img/12370_lab.png,train
12372,train,,train/train-org-img/12372.jpg,train/train-label-img/12372_lab.png,train
12373,train,,train/train-org-img/12373.jpg,train/train-label-img/12373_lab.png,train
12381,train,,train/train-org-img/12381.jpg,train/train-label-img/12381_lab.png,train
12383,train,,train/train-org-img/12383.jpg,train/train-label-img/12383_lab.png,train
12384,train,,train/train-org-img/12384.jpg,train/train-label-img/12384_lab.png,train
12385,train,,train/train-org-img/12385.jpg,train/train-label-img/12385_lab.png,train
12386,train,,train/train-org-img/12386.jpg,train/train-label-img/12386_lab.png,train
12387,train,,train/train-org-img/12387.jpg,train/train-label-img/12387_lab.png,train
12390,train,,train/train-org-img/12390.jpg,train/train-label-img/12390_lab.png,train
12391,train,,train/train-org-img/12391.jpg,train/train-label-img/12391_lab.png,train
12392,train,,train/train-org-img/12392.jpg,train/train-label-img/12392_lab.png,train
12393,train,,train/train-org-img/12393.jpg,train/train-label-img/12393_lab.png,train
12394,train,,train/train-org-img/12394.jpg,train/train-label-img/12394_lab.png,train
12395,train,,train/train-org-img/12395.jpg,train/train-label-img/12395_lab.png,train
12396,train,,train/train-org-img/12396.jpg,train/train-label-img/12396_lab.png,train
12397,train,,train/train-org-img/12397.jpg,train/train-label-img/12397_lab.png,train
12398,train,,train/train-org-img/12398.jpg,train/train-label-img/12398_lab.png,train
12399,train,,train/train-org-img/12399.jpg,train/train-label-img/12399_lab.png,train
12400,train,,train/train-org-img/12400.jpg,train/train-label-img/12400_lab.png,train
12402,train,,train/train-org-img/12402.jpg,train/train-label-img/12402_lab.png,train
12403,train,,train/train-org-img/12403.jpg,train/train-label-img/12403_lab.png,train
12404,train,,train/train-org-img/12404.jpg,train/train-label-img/12404_lab.png,train
12405,train,,train/train-org-img/12405.jpg,train/train-label-img/12405_lab.png,train
12431,train,,train/train-org-img/12431.jpg,train/train-label-img/12431_lab.png,train
12432,train,,train/train-org-img/12432.jpg,train/train-label-img/12432_lab.png,train
12434,train,,train/train-org-img/12434.jpg,train/train-label-img/12434_lab.png,train
12435,train,,train/train-org-img/12435.jpg,train/train-label-img/12435_lab.png,train
12441,train,,train/train-org-img/12441.jpg,train/train-label-img/12441_lab.png,train
12442,train,,train/train-org-img/12442.jpg,train/train-label-img/12442_lab.png,train
12443,train,,train/train-org-img/12443.jpg,train/train-label-img/12443_lab.png,train
12444,train,,train/train-org-img/12444.jpg,train/train-label-img/12444_lab.png,train
12447,train,,train/train-org-img/12447.jpg,train/train-label-img/12447_lab.png,train
12448,train,,train/train-org-img/12448.jpg,train/train-label-img/12448_lab.png,train
12449,train,,train/train-org-img/12449.jpg,train/train-label-img/12449_lab.png,train
12450,train,,train/train-org-img/12450.jpg,train/train-label-img/12450_lab.png,train
12451,train,,train/train-org-img/12451.jpg,train/train-label-img/12451_lab.png,train
12452,train,,train/train-org-img/12452.jpg,train/train-label-img/12452_lab.png,train
12453,train,,train/train-org-img/12453.jpg,train/train-label-img/12453_lab.png,train
12454,train,,train/train-org-img/12454.jpg,train/train-label-img/12454_lab.png,train
12455,train,,train/train-org-img/12455.jpg,train/train-label-img/12455_lab.png,train
12456,train,,train/train-org-img/12456.jpg,train/train-label-img/12456_lab.png,train
12457,train,,train/train-org-img/12457.jpg,train/train-label-img/12457_lab.png,train
12458,train,,train/train-org-img/12458.jpg,train/train-label-img/12458_lab.png,train
12459,train,,train/train-org-img/12459.jpg,train/train-label-img/12459_lab.png,train
12462,train,,train/train-org-img/12462.jpg,train/train-label-img/12462_lab.png,train
12463,train,,train/train-org-img/12463.jpg,train/train-label-img/12463_lab.png,train
12464,train,,train/train-org-img/12464.jpg,train/train-label-img/12464_lab.png,train
12465,train,,train/train-org-img/12465.jpg,train/train-label-img/12465_lab.png,train
12466,train,,train/train-org-img/12466.jpg,train/train-label-img/12466_lab.png,train
12467,train,,train/train-org-img/12467.jpg,train/train-label-img/12467_lab.png,train
12470,train,,train/train-org-img/12470.jpg,train/train-label-img/12470_lab.png,train
12471,train,,train/train-org-img/12471.jpg,train/train-label-img/12471_lab.png,train
12472,train,,train/train-org-img/12472.jpg,train/train-label-img/12472_lab.png,train
12473,train,,train/train-org-img/12473.jpg,train/train-label-img/12473_lab.png,train
12474,train,,train/train-org-img/12474.jpg,train/train-label-img/12474_lab.png,train
12475,train,,train/train-org-img/12475.jpg,train/train-label-img/12475_lab.png,train
12477,train,,train/train-org-img/12477.jpg,train/train-label-img/12477_lab.png,train
12478,train,,train/train-org-img/12478.jpg,train/train-label-img/12478_lab.png,train
12480,train,,train/train-org-img/12480.jpg,train/train-label-img/12480_lab.png,train
12481,train,,train/train-org-img/12481.jpg,train/train-label-img/12481_lab.png,train
12483,train,,train/train-org-img/12483.jpg,train/train-label-img/12483_lab.png,train
12486,train,,train/train-org-img/12486.jpg,train/train-label-img/12486_lab.png,train
12487,train,,train/train-org-img/12487.jpg,train/train-label-img/12487_lab.png,train
12488,train,,train/train-org-img/12488.jpg,train/train-label-img/12488_lab.png,train
12489,train,,train/train-org-img/12489.jpg,train/train-label-img/12489_lab.png,train
12490,train,,train/train-org-img/12490.jpg,train/train-label-img/12490_lab.png,train
12491,train,,train/train-org-img/12491.jpg,train/train-label-img/12491_lab.png,train
12492,train,,train/train-org-img/12492.jpg,train/train-label-img/12492_lab.png,train
12494,train,,train/train-org-img/12494.jpg,train/train-label-img/12494_lab.png,train
12496,train,,train/train-org-img/12496.jpg,train/train-label-img/12496_lab.png,train
12497,train,,train/train-org-img/12497.jpg,train/train-label-img/12497_lab.png,train
12498,train,,train/train-org-img/12498.jpg,train/train-label-img/12498_lab.png,train
12499,train,,train/train-org-img/12499.jpg,train/train-label-img/12499_lab.png,train
12500,train,,train/train-org-img/12500.jpg,train/train-label-img/12500_lab.png,train
12502,train,,train/train-org-img/12502.jpg,train/train-label-img/12502_lab.png,train
12503,train,,train/train-org-img/12503.jpg,train/train-label-img/12503_lab.png,train
12504,train,,train/train-org-img/12504.jpg,train/train-label-img/12504_lab.png,train
12505,train,,train/train-org-img/12505.jpg,train/train-label-img/12505_lab.png,train
12506,train,,train/train-org-img/12506.jpg,train/train-label-img/12506_lab.png,train
12508,train,,train/train-org-img/12508.jpg,train/train-label-img/12508_lab.png,train
12509,train,,train/train-org-img/12509.jpg,train/train-label-img/12509_lab.png,train
12510,train,,train/train-org-img/12510.jpg,train/train-label-img/12510_lab.png,train
12511,train,,train/train-org-img/12511.jpg,train/train-label-img/12511_lab.png,train
12513,train,,train/train-org-img/12513.jpg,train/train-label-img/12513_lab.png,train
12515,train,,train/train-org-img/12515.jpg,train/train-label-img/12515_lab.png,train
12516,train,,train/train-org-img/12516.jpg,train/train-label-img/12516_lab.png,train
12517,train,,train/train-org-img/12517.jpg,train/train-label-img/12517_lab.png,train
12519,train,,train/train-org-img/12519.jpg,train/train-label-img/12519_lab.png,train
12520,train,,train/train-org-img/12520.jpg,train/train-label-img/12520_lab.png,train
12521,train,,train/train-org-img/12521.jpg,train/train-label-img/12521_lab.png,train
12522,train,,train/train-org-img/12522.jpg,train/train-label-img/12522_lab.png,train
12523,train,,train/train-org-img/12523.jpg,train/train-label-img/12523_lab.png,train
12524,train,,train/train-org-img/12524.jpg,train/train-label-img/12524_lab.png,train
12526,train,,train/train-org-img/12526.jpg,train/train-label-img/12526_lab.png,train
12527,train,,train/train-org-img/12527.jpg,train/train-label-img/12527_lab.png,train
12528,train,,train/train-org-img/12528.jpg,train/train-label-img/12528_lab.png,train
12529,train,,train/train-org-img/12529.jpg,train/train-label-img/12529_lab.png,train
12530,train,,train/train-org-img/12530.jpg,train/train-label-img/12530_lab.png,train
12531,train,,train/train-org-img/12531.jpg,train/train-label-img/12531_lab.png,train
12532,train,,train/train-org-img/12532.jpg,train/train-label-img/12532_lab.png,train
12533,train,,train/train-org-img/12533.jpg,train/train-label-img/12533_lab.png,train
12534,train,,train/train-org-img/12534.jpg,train/train-label-img/12534_lab.png,train
12535,train,,train/train-org-img/12535.jpg,train/train-label-img/12535_lab.png,train
12536,train,,train/train-org-img/12536.jpg,train/train-label-img/12536_lab.png,train
12537,train,,train/train-org-img/12537.jpg,train/train-label-img/12537_lab.png,train
12539,train,,train/train-org-img/12539.jpg,train/train-label-img/12539_lab.png,train
12540,train,,train/train-org-img/12540.jpg,train/train-label-img/12540_lab.png,train
12541,train,,train/train-org-img/12541.jpg,train/train-label-img/12541_lab.png,train
12542,train,,train/train-org-img/12542.jpg,train/train-label-img/12542_lab.png,train
12543,train,,train/train-org-img/12543.jpg,train/train-label-img/12543_lab.png,train
12546,train,,train/train-org-img/12546.jpg,train/train-label-img/12546_lab.png,train
12547,train,,train/train-org-img/12547.jpg,train/train-label-img/12547_lab.png,train
12550,train,,train/train-org-img/12550.jpg,train/train-label-img/12550_lab.png,train
12551,train,,train/train-org-img/12551.jpg,train/train-label-img/12551_lab.png,train
12552,train,,train/train-org-img/12552.jpg,train/train-label-img/12552_lab.png,train
12554,train,,train/train-org-img/12554.jpg,train/train-label-img/12554_lab.png,train
12555,train,,train/train-org-img/12555.jpg,train/train-label-img/12555_lab.png,train
12556,train,,train/train-org-img/12556.jpg,train/train-label-img/12556_lab.png,train
12557,train,,train/train-org-img/12557.jpg,train/train-label-img/12557_lab.png,train
12561,train,,train/train-org-img/12561.jpg,train/train-label-img/12561_lab.png,train
12562,train,,train/train-org-img/12562.jpg,train/train-label-img/12562_lab.png,train
12563,train,,train/train-org-img/12563.jpg,train/train-label-img/12563_lab.png,train
12564,train,,train/train-org-img/12564.jpg,train/train-label-img/12564_lab.png,train
12565,train,,train/train-org-img/12565.jpg,train/train-label-img/12565_lab.png,train
12566,train,,train/train-org-img/12566.jpg,train/train-label-img/12566_lab.png,train
12567,train,,train/train-org-img/12567.jpg,train/train-label-img/12567_lab.png,train
12568,train,,train/train-org-img/12568.jpg,train/train-label-img/12568_lab.png,train
12569,train,,train/train-org-img/12569.jpg,train/train-label-img/12569_lab.png,train
12570,train,,train/train-org-img/12570.jpg,train/train-label-img/12570_lab.png,train
12572,train,,train/train-org-img/12572.jpg,train/train-label-img/12572_lab.png,train
12573,train,,train/train-org-img/12573.jpg,train/train-label-img/12573_lab.png,train
12574,train,,train/train-org-img/12574.jpg,train/train-label-img/12574_lab.png,train
12576,train,,train/train-org-img/12576.jpg,train/train-label-img/12576_lab.png,train
12577,train,,train/train-org-img/12577.jpg,train/train-label-img/12577_lab.png,train
12578,train,,train/train-org-img/12578.jpg,train/train-label-img/12578_lab.png,train
12581,train,,train/train-org-img/12581.jpg,train/train-label-img/12581_lab.png,train
12583,train,,train/train-org-img/12583.jpg,train/train-label-img/12583_lab.png,train
12585,train,,train/train-org-img/12585.jpg,train/train-label-img/12585_lab.png,train
12586,train,,train/train-org-img/12586.jpg,train/train-label-img/12586_lab.png,train
12587,train,,train/train-org-img/12587.jpg,train/train-label-img/12587_lab.png,train
12588,train,,train/train-org-img/12588.jpg,train/train-label-img/12588_lab.png,train
12589,train,,train/train-org-img/12589.jpg,train/train-label-img/12589_lab.png,train
12590,train,,train/train-org-img/12590.jpg,train/train-label-img/12590_lab.png,train
12591,train,,train/train-org-img/12591.jpg,train/train-label-img/12591_lab.png,train
12593,train,,train/train-org-img/12593.jpg,train/train-label-img/12593_lab.png,train
12594,train,,train/train-org-img/12594.jpg,train/train-label-img/12594_lab.png,train
12595,train,,train/train-org-img/12595.jpg,train/train-label-img/12595_lab.png,train
12597,train,,train/train-org-img/12597.jpg,train/train-label-img/12597_lab.png,train
12599,train,,train/train-org-img/12599.jpg,train/train-label-img/12599_lab.png,train
12601,train,,train/train-org-img/12601.jpg,train/train-label-img/12601_lab.png,train
12602,train,,train/train-org-img/12602.jpg,train/train-label-img/12602_lab.png,train
12603,train,,train/train-org-img/12603.jpg,train/train-label-img/12603_lab.png,train
12604,train,,train/train-org-img/12604.jpg,train/train-label-img/12604_lab.png,train
12605,train,,train/train-org-img/12605.jpg,train/train-label-img/12605_lab.png,train
12606,train,,train/train-org-img/12606.jpg,train/train-label-img/12606_lab.png,train
12607,train,,train/train-org-img/12607.jpg,train/train-label-img/12607_lab.png,train
12609,train,,train/train-org-img/12609.jpg,train/train-label-img/12609_lab.png,train
12610,train,,train/train-org-img/12610.jpg,train/train-label-img/12610_lab.png,train
12611,train,,train/train-org-img/12611.jpg,train/train-label-img/12611_lab.png,train
12612,train,,train/train-org-img/12612.jpg,train/train-label-img/12612_lab.png,train
12613,train,,train/train-org-img/12613.jpg,train/train-label-img/12613_lab.png,train
12614,train,,train/train-org-img/12614.jpg,train/train-label-img/12614_lab.png,train
12615,train,,train/train-org-img/12615.jpg,train/train-label-img/12615_lab.png,train
12616,train,,train/train-org-img/12616.jpg,train/train-label-img/12616_lab.png,train
12617,train,,train/train-org-img/12617.jpg,train/train-label-img/12617_lab.png,train
12618,train,,train/train-org-img/12618.jpg,train/train-label-img/12618_lab.png,train
12620,train,,train/train-org-img/12620.jpg,train/train-label-img/12620_lab.png,train
12621,train,,train/train-org-img/12621.jpg,train/train-label-img/12621_lab.png,train
12622,train,,train/train-org-img/12622.jpg,train/train-label-img/12622_lab.png,train
12623,train,,train/train-org-img/12623.jpg,train/train-label-img/12623_lab.png,train
12624,train,,train/train-org-img/12624.jpg,train/train-label-img/12624_lab.png,train
12625,train,,train/train-org-img/12625.jpg,train/train-label-img/12625_lab.png,train
12626,train,,train/train-org-img/12626.jpg,train/train-label-img/12626_lab.png,train
12627,train,,train/train-org-img/12627.jpg,train/train-label-img/12627_lab.png,train
12628,train,,train/train-org-img/12628.jpg,train/train-label-img/12628_lab.png,train
12629,train,,train/train-org-img/12629.jpg,train/train-label-img/12629_lab.png,train
12630,train,,train/train-org-img/12630.jpg,train/train-label-img/12630_lab.png,train
12631,train,,train/train-org-img/12631.jpg,train/train-label-img/12631_lab.png,train
12632,train,,train/train-org-img/12632.jpg,train/train-label-img/12632_lab.png,train
12633,train,,train/train-org-img/12633.jpg,train/train-label-img/12633_lab.png,train
12635,train,,train/train-org-img/12635.jpg,train/train-label-img/12635_lab.png,train
12637,train,,train/train-org-img/12637.jpg,train/train-label-img/12637_lab.png,train
12640,train,,train/train-org-img/12640.jpg,train/train-label-img/12640_lab.png,train
12641,train,,train/train-org-img/12641.jpg,train/train-label-img/12641_lab.png,train
12642,train,,train/train-org-img/12642.jpg,train/train-label-img/12642_lab.png,train
12643,train,,train/train-org-img/12643.jpg,train/train-label-img/12643_lab.png,train
12644,train,,train/train-org-img/12644.jpg,train/train-label-img/12644_lab.png,train
12646,train,,train/train-org-img/12646.jpg,train/train-label-img/12646_lab.png,train
12647,train,,train/train-org-img/12647.jpg,train/train-label-img/12647_lab.png,train
12648,train,,train/train-org-img/12648.jpg,train/train-label-img/12648_lab.png,train
12649,train,,train/train-org-img/12649.jpg,train/train-label-img/12649_lab.png,train
12650,train,,train/train-org-img/12650.jpg,train/train-label-img/12650_lab.png,train
12651,train,,train/train-org-img/12651.jpg,train/train-label-img/12651_lab.png,train
12653,train,,train/train-org-img/12653.jpg,train/train-label-img/12653_lab.png,train
12654,train,,train/train-org-img/12654.jpg,train/train-label-img/12654_lab.png,train
12655,train,,train/train-org-img/12655.jpg,train/train-label-img/12655_lab.png,train
12656,train,,train/train-org-img/12656.jpg,train/train-label-img/12656_lab.png,train
12657,train,,train/train-org-img/12657.jpg,train/train-label-img/12657_lab.png,train
12659,train,,train/train-org-img/12659.jpg,train/train-label-img/12659_lab.png,train
12660,train,,train/train-org-img/12660.jpg,train/train-label-img/12660_lab.png,train
12661,train,,train/train-org-img/12661.jpg,train/train-label-img/12661_lab.png,train
12663,train,,train/train-org-img/12663.jpg,train/train-label-img/12663_lab.png,train
12665,train,,train/train-org-img/12665.jpg,train/train-label-img/12665_lab.png,train
12668,train,,train/train-org-img/12668.jpg,train/train-label-img/12668_lab.png,train
12669,train,,train/train-org-img/12669.jpg,train/train-label-img/12669_lab.png,train
12670,train,,train/train-org-img/12670.jpg,train/train-label-img/12670_lab.png,train
12671,train,,train/train-org-img/12671.jpg,train/train-label-img/12671_lab.png,train
12672,train,,train/train-org-img/12672.jpg,train/train-label-img/12672_lab.png,train
12674,train,,train/train-org-img/12674.jpg,train/train-label-img/12674_lab.png,train
12675,train,,train/train-org-img/12675.jpg,train/train-label-img/12675_lab.png,train
12676,train,,train/train-org-img/12676.jpg,train/train-label-img/12676_lab.png,train
12677,train,,train/train-org-img/12677.jpg,train/train-label-img/12677_lab.png,train
12678,train,,train/train-org-img/12678.jpg,train/train-label-img/12678_lab.png,train
12679,train,,train/train-org-img/12679.jpg,train/train-label-img/12679_lab.png,train
12680,train,,train/train-org-img/12680.jpg,train/train-label-img/12680_lab.png,train
12681,train,,train/train-org-img/12681.jpg,train/train-label-img/12681_lab.png,train
12682,train,,train/train-org-img/12682.jpg,train/train-label-img/12682_lab.png,train
12683,train,,train/train-org-img/12683.jpg,train/train-label-img/12683_lab.png,train
12684,train,,train/train-org-img/12684.jpg,train/train-label-img/12684_lab.png,train
12685,train,,train/train-org-img/12685.jpg,train/train-label-img/12685_lab.png,train
12686,train,,train/train-org-img/12686.jpg,train/train-label-img/12686_lab.png,train
12688,train,,train/train-org-img/12688.jpg,train/train-label-img/12688_lab.png,train
12689,train,,train/train-org-img/12689.jpg,train/train-label-img/12689_lab.png,train
12690,train,,train/train-org-img/12690.jpg,train/train-label-img/12690_lab.png,train
12691,train,,train/train-org-img/12691.jpg,train/train-label-img/12691_lab.png,train
12692,train,,train/train-org-img/12692.jpg,train/train-label-img/12692_lab.png,train
12696,train,,train/train-org-img/12696.jpg,train/train-label-img/12696_lab.png,train
12697,train,,train/train-org-img/12697.jpg,train/train-label-img/12697_lab.png,train
12698,train,,train/train-org-img/12698.jpg,train/train-label-img/12698_lab.png,train
12699,train,,train/train-org-img/12699.jpg,train/train-label-img/12699_lab.png,train
12700,train,,train/train-org-img/12700.jpg,train/train-label-img/12700_lab.png,train
12701,train,,train/train-org-img/12701.jpg,train/train-label-img/12701_lab.png,train
12703,train,,train/train-org-img/12703.jpg,train/train-label-img/12703_lab.png,train
12704,train,,train/train-org-img/12704.jpg,train/train-label-img/12704_lab.png,train
12705,train,,train/train-org-img/12705.jpg,train/train-label-img/12705_lab.png,train
12706,train,,train/train-org-img/12706.jpg,train/train-label-img/12706_lab.png,train
12707,train,,train/train-org-img/12707.jpg,train/train-label-img/12707_lab.png,train
12709,train,,train/train-org-img/12709.jpg,train/train-label-img/12709_lab.png,train
12710,train,,train/train-org-img/12710.jpg,train/train-label-img/12710_lab.png,train
12711,train,,train/train-org-img/12711.jpg,train/train-label-img/12711_lab.png,train
12712,train,,train/train-org-img/12712.jpg,train/train-label-img/12712_lab.png,train
12713,train,,train/train-org-img/12713.jpg,train/train-label-img/12713_lab.png,train
12714,train,,train/train-org-img/12714.jpg,train/train-label-img/12714_lab.png,train
12715,train,,train/train-org-img/12715.jpg,train/train-label-img/12715_lab.png,train
12716,train,,train/train-org-img/12716.jpg,train/train-label-img/12716_lab.png,train
12717,train,,train/train-org-img/12717.jpg,train/train-label-img/12717_lab.png,train
12718,train,,train/train-org-img/12718.jpg,train/train-label-img/12718_lab.png,train
12719,train,,train/train-org-img/12719.jpg,train/train-label-img/12719_lab.png,train
12720,train,,train/train-org-img/12720.jpg,train/train-label-img/12720_lab.png,train
12721,train,,train/train-org-img/12721.jpg,train/train-label-img/12721_lab.png,train
12723,train,,train/train-org-img/12723.jpg,train/train-label-img/12723_lab.png,train
12724,train,,train/train-org-img/12724.jpg,train/train-label-img/12724_lab.png,train
12725,train,,train/train-org-img/12725.jpg,train/train-label-img/12725_lab.png,train
12726,train,,train/train-org-img/12726.jpg,train/train-label-img/12726_lab.png,train
12728,train,,train/train-org-img/12728.jpg,train/train-label-img/12728_lab.png,train
12729,train,,train/train-org-img/12729.jpg,train/train-label-img/12729_lab.png,train
12730,train,,train/train-org-img/12730.jpg,train/train-label-img/12730_lab.png,train
12731,train,,train/train-org-img/12731.jpg,train/train-label-img/12731_lab.png,train
12734,train,,train/train-org-img/12734.jpg,train/train-label-img/12734_lab.png,train
12735,train,,train/train-org-img/12735.jpg,train/train-label-img/12735_lab.png,train
12736,train,,train/train-org-img/12736.jpg,train/train-label-img/12736_lab.png,train
12737,train,,train/train-org-img/12737.jpg,train/train-label-img/12737_lab.png,train
12738,train,,train/train-org-img/12738.jpg,train/train-label-img/12738_lab.png,train
12739,train,,train/train-org-img/12739.jpg,train/train-label-img/12739_lab.png,train
12740,train,,train/train-org-img/12740.jpg,train/train-label-img/12740_lab.png,train
12743,train,,train/train-org-img/12743.jpg,train/train-label-img/12743_lab.png,train
12744,train,,train/train-org-img/12744.jpg,train/train-label-img/12744_lab.png,train
12745,train,,train/train-org-img/12745.jpg,train/train-label-img/12745_lab.png,train
12747,train,,train/train-org-img/12747.jpg,train/train-label-img/12747_lab.png,train
12748,train,,train/train-org-img/12748.jpg,train/train-label-img/12748_lab.png,train
12749,train,,train/train-org-img/12749.jpg,train/train-label-img/12749_lab.png,train
12750,train,,train/train-org-img/12750.jpg,train/train-label-img/12750_lab.png,train
12751,train,,train/train-org-img/12751.jpg,train/train-label-img/12751_lab.png,train
12752,train,,train/train-org-img/12752.jpg,train/train-label-img/12752_lab.png,train
12753,train,,train/train-org-img/12753.jpg,train/train-label-img/12753_lab.png,train
12754,train,,train/train-org-img/12754.jpg,train/train-label-img/12754_lab.png,train
12755,train,,train/train-org-img/12755.jpg,train/train-label-img/12755_lab.png,train
12759,train,,train/train-org-img/12759.jpg,train/train-label-img/12759_lab.png,train
12760,train,,train/train-org-img/12760.jpg,train/train-label-img/12760_lab.png,train
12761,train,,train/train-org-img/12761.jpg,train/train-label-img/12761_lab.png,train
12762,train,,train/train-org-img/12762.jpg,train/train-label-img/12762_lab.png,train
12763,train,,train/train-org-img/12763.jpg,train/train-label-img/12763_lab.png,train
12764,train,,train/train-org-img/12764.jpg,train/train-label-img/12764_lab.png,train
12765,train,,train/train-org-img/12765.jpg,train/train-label-img/12765_lab.png,train
12766,train,,train/train-org-img/12766.jpg,train/train-label-img/12766_lab.png,train
12767,train,,train/train-org-img/12767.jpg,train/train-label-img/12767_lab.png,train
12768,train,,train/train-org-img/12768.jpg,train/train-label-img/12768_lab.png,train
12769,train,,train/train-org-img/12769.jpg,train/train-label-img/12769_lab.png,train
12770,train,,train/train-org-img/12770.jpg,train/train-label-img/12770_lab.png,train
12771,train,,train/train-org-img/12771.jpg,train/train-label-img/12771_lab.png,train
12772,train,,train/train-org-img/12772.jpg,train/train-label-img/12772_lab.png,train
12773,train,,train/train-org-img/12773.jpg,train/train-label-img/12773_lab.png,train
12774,train,,train/train-org-img/12774.jpg,train/train-label-img/12774_lab.png,train
12775,train,,train/train-org-img/12775.jpg,train/train-label-img/12775_lab.png,train
12776,train,,train/train-org-img/12776.jpg,train/train-label-img/12776_lab.png,train
12777,train,,train/train-org-img/12777.jpg,train/train-label-img/12777_lab.png,train
12778,train,,train/train-org-img/12778.jpg,train/train-label-img/12778_lab.png,train
12779,train,,train/train-org-img/12779.jpg,train/train-label-img/12779_lab.png,train
12780,train,,train/train-org-img/12780.jpg,train/train-label-img/12780_lab.png,train
12781,train,,train/train-org-img/12781.jpg,train/train-label-img/12781_lab.png,train
12782,train,,train/train-org-img/12782.jpg,train/train-label-img/12782_lab.png,train
12783,train,,train/train-org-img/12783.jpg,train/train-label-img/12783_lab.png,train
12785,train,,train/train-org-img/12785.jpg,train/train-label-img/12785_lab.png,train
12786,train,,train/train-org-img/12786.jpg,train/train-label-img/12786_lab.png,train
12787,train,,train/train-org-img/12787.jpg,train/train-label-img/12787_lab.png,train
12788,train,,train/train-org-img/12788.jpg,train/train-label-img/12788_lab.png,train
12789,train,,train/train-org-img/12789.jpg,train/train-label-img/12789_lab.png,train
12790,train,,train/train-org-img/12790.jpg,train/train-label-img/12790_lab.png,train
12791,train,,train/train-org-img/12791.jpg,train/train-label-img/12791_lab.png,train
12792,train,,train/train-org-img/12792.jpg,train/train-label-img/12792_lab.png,train
12793,train,,train/train-org-img/12793.jpg,train/train-label-img/12793_lab.png,train
12794,train,,train/train-org-img/12794.jpg,train/train-label-img/12794_lab.png,train
12795,train,,train/train-org-img/12795.jpg,train/train-label-img/12795_lab.png,train
12797,train,,train/train-org-img/12797.jpg,train/train-label-img/12797_lab.png,train
12798,train,,train/train-org-img/12798.jpg,train/train-label-img/12798_lab.png,train
12799,train,,train/train-org-img/12799.jpg,train/train-label-img/12799_lab.png,train
12801,train,,train/train-org-img/12801.jpg,train/train-label-img/12801_lab.png,train
12802,train,,train/train-org-img/12802.jpg,train/train-label-img/12802_lab.png,train
12803,train,,train/train-org-img/12803.jpg,train/train-label-img/12803_lab.png,train
12804,train,,train/train-org-img/12804.jpg,train/train-label-img/12804_lab.png,train
12805,train,,train/train-org-img/12805.jpg,train/train-label-img/12805_lab.png,train
12807,train,,train/train-org-img/12807.jpg,train/train-label-img/12807_lab.png,train
12808,train,,train/train-org-img/12808.jpg,train/train-label-img/12808_lab.png,train
12809,train,,train/train-org-img/12809.jpg,train/train-label-img/12809_lab.png,train
12812,train,,train/train-org-img/12812.jpg,train/train-label-img/12812_lab.png,train
12813,train,,train/train-org-img/12813.jpg,train/train-label-img/12813_lab.png,train
12815,train,,train/train-org-img/12815.jpg,train/train-label-img/12815_lab.png,train
12816,train,,train/train-org-img/12816.jpg,train/train-label-img/12816_lab.png,train
12817,train,,train/train-org-img/12817.jpg,train/train-label-img/12817_lab.png,train
12818,train,,train/train-org-img/12818.jpg,train/train-label-img/12818_lab.png,train
12819,train,,train/train-org-img/12819.jpg,train/train-label-img/12819_lab.png,train
12820,train,,train/train-org-img/12820.jpg,train/train-label-img/12820_lab.png,train
12822,train,,train/train-org-img/12822.jpg,train/train-label-img/12822_lab.png,train
12823,train,,train/train-org-img/12823.jpg,train/train-label-img/12823_lab.png,train
12824,train,,train/train-org-img/12824.jpg,train/train-label-img/12824_lab.png,train
12825,train,,train/train-org-img/12825.jpg,train/train-label-img/12825_lab.png,train
12826,train,,train/train-org-img/12826.jpg,train/train-label-img/12826_lab.png,train
12828,train,,train/train-org-img/12828.jpg,train/train-label-img/12828_lab.png,train
12829,train,,train/train-org-img/12829.jpg,train/train-label-img/12829_lab.png,train
12831,train,,train/train-org-img/12831.jpg,train/train-label-img/12831_lab.png,train
12832,train,,train/train-org-img/12832.jpg,train/train-label-img/12832_lab.png,train
12833,train,,train/train-org-img/12833.jpg,train/train-label-img/12833_lab.png,train
12834,train,,train/train-org-img/12834.jpg,train/train-label-img/12834_lab.png,train
12835,train,,train/train-org-img/12835.jpg,train/train-label-img/12835_lab.png,train
12836,train,,train/train-org-img/12836.jpg,train/train-label-img/12836_lab.png,train
12837,train,,train/train-org-img/12837.jpg,train/train-label-img/12837_lab.png,train
12838,train,,train/train-org-img/12838.jpg,train/train-label-img/12838_lab.png,train
12839,train,,train/train-org-img/12839.jpg,train/train-label-img/12839_lab.png,train
12840,train,,train/train-org-img/12840.jpg,train/train-label-img/12840_lab.png,train
12841,train,,train/train-org-img/12841.jpg,train/train-label-img/12841_lab.png,train
12844,train,,train/train-org-img/12844.jpg,train/train-label-img/12844_lab.png,train
12845,train,,train/train-org-img/12845.jpg,train/train-label-img/12845_lab.png,train
12846,train,,train/train-org-img/12846.jpg,train/train-label-img/12846_lab.png,train
12847,train,,train/train-org-img/12847.jpg,train/train-label-img/12847_lab.png,train
12848,train,,train/train-org-img/12848.jpg,train/train-label-img/12848_lab.png,train
12849,train,,train/train-org-img/12849.jpg,train/train-label-img/12849_lab.png,train
12850,train,,train/train-org-img/12850.jpg,train/train-label-img/12850_lab.png,train
12851,train,,train/train-org-img/12851.jpg,train/train-label-img/12851_lab.png,train
12852,train,,train/train-org-img/12852.jpg,train/train-label-img/12852_lab.png,train
12853,train,,train/train-org-img/12853.jpg,train/train-label-img/12853_lab.png,train
12854,train,,train/train-org-img/12854.jpg,train/train-label-img/12854_lab.png,train
12855,train,,train/train-org-img/12855.jpg,train/train-label-img/12855_lab.png,train
12856,train,,train/train-org-img/12856.jpg,train/train-label-img/12856_lab.png,train
12858,train,,train/train-org-img/12858.jpg,train/train-label-img/12858_lab.png,train
12860,train,,train/train-org-img/12860.jpg,train/train-label-img/12860_lab.png,train
12867,train,,train/train-org-img/12867.jpg,train/train-label-img/12867_lab.png,train
12868,train,,train/train-org-img/12868.jpg,train/train-label-img/12868_lab.png,train
12869,train,,train/train-org-img/12869.jpg,train/train-label-img/12869_lab.png,train
12870,train,,train/train-org-img/12870.jpg,train/train-label-img/12870_lab.png,train
12871,train,,train/train-org-img/12871.jpg,train/train-label-img/12871_lab.png,train
12872,train,,train/train-org-img/12872.jpg,train/train-label-img/12872_lab.png,train
12873,train,,train/train-org-img/12873.jpg,train/train-label-img/12873_lab.png,train
12874,train,,train/train-org-img/12874.jpg,train/train-label-img/12874_lab.png,train
12875,train,,train/train-org-img/12875.jpg,train/train-label-img/12875_lab.png,train
12876,train,,train/train-org-img/12876.jpg,train/train-label-img/12876_lab.png,train
12877,train,,train/train-org-img/12877.jpg,train/train-label-img/12877_lab.png,train
12878,train,,train/train-org-img/12878.jpg,train/train-label-img/12878_lab.png,train
12880,train,,train/train-org-img/12880.jpg,train/train-label-img/12880_lab.png,train
12881,train,,train/train-org-img/12881.jpg,train/train-label-img/12881_lab.png,train
12882,train,,train/train-org-img/12882.jpg,train/train-label-img/12882_lab.png,train
12883,train,,train/train-org-img/12883.jpg,train/train-label-img/12883_lab.png,train
12884,train,,train/train-org-img/12884.jpg,train/train-label-img/12884_lab.png,train
12885,train,,train/train-org-img/12885.jpg,train/train-label-img/12885_lab.png,train
12886,train,,train/train-org-img/12886.jpg,train/train-label-img/12886_lab.png,train
12888,train,,train/train-org-img/12888.jpg,train/train-label-img/12888_lab.png,train
12889,train,,train/train-org-img/12889.jpg,train/train-label-img/12889_lab.png,train
12890,train,,train/train-org-img/12890.jpg,train/train-label-img/12890_lab.png,train
12891,train,,train/train-org-img/12891.jpg,train/train-label-img/12891_lab.png,train
12892,train,,train/train-org-img/12892.jpg,train/train-label-img/12892_lab.png,train
12893,train,,train/train-org-img/12893.jpg,train/train-label-img/12893_lab.png,train
12894,train,,train/train-org-img/12894.jpg,train/train-label-img/12894_lab.png,train
12895,train,,train/train-org-img/12895.jpg,train/train-label-img/12895_lab.png,train
12896,train,,train/train-org-img/12896.jpg,train/train-label-img/12896_lab.png,train
12897,train,,train/train-org-img/12897.jpg,train/train-label-img/12897_lab.png,train
12900,train,,train/train-org-img/12900.jpg,train/train-label-img/12900_lab.png,train
12901,train,,train/train-org-img/12901.jpg,train/train-label-img/12901_lab.png,train
12902,train,,train/train-org-img/12902.jpg,train/train-label-img/12902_lab.png,train
12903,train,,train/train-org-img/12903.jpg,train/train-label-img/12903_lab.png,train
12904,train,,train/train-org-img/12904.jpg,train/train-label-img/12904_lab.png,train
12905,train,,train/train-org-img/12905.jpg,train/train-label-img/12905_lab.png,train
12906,train,,train/train-org-img/12906.jpg,train/train-label-img/12906_lab.png,train
12907,train,,train/train-org-img/12907.jpg,train/train-label-img/12907_lab.png,train
12908,train,,train/train-org-img/12908.jpg,train/train-label-img/12908_lab.png,train
12909,train,,train/train-org-img/12909.jpg,train/train-label-img/12909_lab.png,train
12910,train,,train/train-org-img/12910.jpg,train/train-label-img/12910_lab.png,train
12911,train,,train/train-org-img/12911.jpg,train/train-label-img/12911_lab.png,train
12912,train,,train/train-org-img/12912.jpg,train/train-label-img/12912_lab.png,train
12913,train,,train/train-org-img/12913.jpg,train/train-label-img/12913_lab.png,train
12914,train,,train/train-org-img/12914.jpg,train/train-label-img/12914_lab.png,train
12916,train,,train/train-org-img/12916.jpg,train/train-label-img/12916_lab.png,train
12918,train,,train/train-org-img/12918.jpg,train/train-label-img/12918_lab.png,train
12919,train,,train/train-org-img/12919.jpg,train/train-label-img/12919_lab.png,train
12920,train,,train/train-org-img/12920.jpg,train/train-label-img/12920_lab.png,train
12921,train,,train/train-org-img/12921.jpg,train/train-label-img/12921_lab.png,train
12922,train,,train/train-org-img/12922.jpg,train/train-label-img/12922_lab.png,train
12923,train,,train/train-org-img/12923.jpg,train/train-label-img/12923_lab.png,train
12925,train,,train/train-org-img/12925.jpg,train/train-label-img/12925_lab.png,train
12926,train,,train/train-org-img/12926.jpg,train/train-label-img/12926_lab.png,train
12927,train,,train/train-org-img/12927.jpg,train/train-label-img/12927_lab.png,train
12928,train,,train/train-org-img/12928.jpg,train/train-label-img/12928_lab.png,train
12929,train,,train/train-org-img/12929.jpg,train/train-label-img/12929_lab.png,train
12930,train,,train/train-org-img/12930.jpg,train/train-label-img/12930_lab.png,train
12933,train,,train/train-org-img/12933.jpg,train/train-label-img/12933_lab.png,train
12934,train,,train/train-org-img/12934.jpg,train/train-label-img/12934_lab.png,train
12935,train,,train/train-org-img/12935.jpg,train/train-label-img/12935_lab.png,train
12936,train,,train/train-org-img/12936.jpg,train/train-label-img/12936_lab.png,train
12937,train,,train/train-org-img/12937.jpg,train/train-label-img/12937_lab.png,train
12938,train,,train/train-org-img/12938.jpg,train/train-label-img/12938_lab.png,train
12939,train,,train/train-org-img/12939.jpg,train/train-label-img/12939_lab.png,train
12940,train,,train/train-org-img/12940.jpg,train/train-label-img/12940_lab.png,train
12941,train,,train/train-org-img/12941.jpg,train/train-label-img/12941_lab.png,train
12942,train,,train/train-org-img/12942.jpg,train/train-label-img/12942_lab.png,train
12943,train,,train/train-org-img/12943.jpg,train/train-label-img/12943_lab.png,train
12944,train,,train/train-org-img/12944.jpg,train/train-label-img/12944_lab.png,train
12945,train,,train/train-org-img/12945.jpg,train/train-label-img/12945_lab.png,train
12946,train,,train/train-org-img/12946.jpg,train/train-label-img/12946_lab.png,train
12947,train,,train/train-org-img/12947.jpg,train/train-label-img/12947_lab.png,train
12949,train,,train/train-org-img/12949.jpg,train/train-label-img/12949_lab.png,train
12951,train,,train/train-org-img/12951.jpg,train/train-label-img/12951_lab.png,train
12953,train,,train/train-org-img/12953.jpg,train/train-label-img/12953_lab.png,train
12955,train,,train/train-org-img/12955.jpg,train/train-label-img/12955_lab.png,train
12956,train,,train/train-org-img/12956.jpg,train/train-label-img/12956_lab.png,train
12957,train,,train/train-org-img/12957.jpg,train/train-label-img/12957_lab.png,train
12958,train,,train/train-org-img/12958.jpg,train/train-label-img/12958_lab.png,train
12959,train,,train/train-org-img/12959.jpg,train/train-label-img/12959_lab.png,train
12962,train,,train/train-org-img/12962.jpg,train/train-label-img/12962_lab.png,train
12964,train,,train/train-org-img/12964.jpg,train/train-label-img/12964_lab.png,train
12965,train,,train/train-org-img/12965.jpg,train/train-label-img/12965_lab.png,train
12966,train,,train/train-org-img/12966.jpg,train/train-label-img/12966_lab.png,train
12967,train,,train/train-org-img/12967.jpg,train/train-label-img/12967_lab.png,train
12969,train,,train/train-org-img/12969.jpg,train/train-label-img/12969_lab.png,train
12970,train,,train/train-org-img/12970.jpg,train/train-label-img/12970_lab.png,train
12971,train,,train/train-org-img/12971.jpg,train/train-label-img/12971_lab.png,train
12972,train,,train/train-org-img/12972.jpg,train/train-label-img/12972_lab.png,train
12973,train,,train/train-org-img/12973.jpg,train/train-label-img/12973_lab.png,train
12975,train,,train/train-org-img/12975.jpg,train/train-label-img/12975_lab.png,train
12976,train,,train/train-org-img/12976.jpg,train/train-label-img/12976_lab.png,train
12977,train,,train/train-org-img/12977.jpg,train/train-label-img/12977_lab.png,train
12978,train,,train/train-org-img/12978.jpg,train/train-label-img/12978_lab.png,train
12979,train,,train/train-org-img/12979.jpg,train/train-label-img/12979_lab.png,train
12980,train,,train/train-org-img/12980.jpg,train/train-label-img/12980_lab.png,train
12982,train,,train/train-org-img/12982.jpg,train/train-label-img/12982_lab.png,train
12983,train,,train/train-org-img/12983.jpg,train/train-label-img/12983_lab.png,train
12984,train,,train/train-org-img/12984.jpg,train/train-label-img/12984_lab.png,train
12985,train,,train/train-org-img/12985.jpg,train/train-label-img/12985_lab.png,train
12993,train,,train/train-org-img/12993.jpg,train/train-label-img/12993_lab.png,train
12994,train,,train/train-org-img/12994.jpg,train/train-label-img/12994_lab.png,train
12995,train,,train/train-org-img/12995.jpg,train/train-label-img/12995_lab.png,train
12996,train,,train/train-org-img/12996.jpg,train/train-label-img/12996_lab.png,train
12997,train,,train/train-org-img/12997.jpg,train/train-label-img/12997_lab.png,train
12999,train,,train/train-org-img/12999.jpg,train/train-label-img/12999_lab.png,train
13001,train,,train/train-org-img/13001.jpg,train/train-label-img/13001_lab.png,train
13002,train,,train/train-org-img/13002.jpg,train/train-label-img/13002_lab.png,train
13009,train,,train/train-org-img/13009.jpg,train/train-label-img/13009_lab.png,train
13011,train,,train/train-org-img/13011.jpg,train/train-label-img/13011_lab.png,train
13012,train,,train/train-org-img/13012.jpg,train/train-label-img/13012_lab.png,train
13014,train,,train/train-org-img/13014.jpg,train/train-label-img/13014_lab.png,train
13015,train,,train/train-org-img/13015.jpg,train/train-label-img/13015_lab.png,train
13018,train,,train/train-org-img/13018.jpg,train/train-label-img/13018_lab.png,train
13019,train,,train/train-org-img/13019.jpg,train/train-label-img/13019_lab.png,train
13020,train,,train/train-org-img/13020.jpg,train/train-label-img/13020_lab.png,train
13022,train,,train/train-org-img/13022.jpg,train/train-label-img/13022_lab.png,train
13023,train,,train/train-org-img/13023.jpg,train/train-label-img/13023_lab.png,train
13024,train,,train/train-org-img/13024.jpg,train/train-label-img/13024_lab.png,train
13025,train,,train/train-org-img/13025.jpg,train/train-label-img/13025_lab.png,train
13026,train,,train/train-org-img/13026.jpg,train/train-label-img/13026_lab.png,train
13028,train,,train/train-org-img/13028.jpg,train/train-label-img/13028_lab.png,train
13030,train,,train/train-org-img/13030.jpg,train/train-label-img/13030_lab.png,train
13032,train,,train/train-org-img/13032.jpg,train/train-label-img/13032_lab.png,train
13033,train,,train/train-org-img/13033.jpg,train/train-label-img/13033_lab.png,train
13034,train,,train/train-org-img/13034.jpg,train/train-label-img/13034_lab.png,train
13035,train,,train/train-org-img/13035.jpg,train/train-label-img/13035_lab.png,train
13036,train,,train/train-org-img/13036.jpg,train/train-label-img/13036_lab.png,train
13037,train,,train/train-org-img/13037.jpg,train/train-label-img/13037_lab.png,train
13038,train,,train/train-org-img/13038.jpg,train/train-label-img/13038_lab.png,train
13039,train,,train/train-org-img/13039.jpg,train/train-label-img/13039_lab.png,train
13042,train,,train/train-org-img/13042.jpg,train/train-label-img/13042_lab.png,train
13043,train,,train/train-org-img/13043.jpg,train/train-label-img/13043_lab.png,train
13044,train,,train/train-org-img/13044.jpg,train/train-label-img/13044_lab.png,train
13046,train,,train/train-org-img/13046.jpg,train/train-label-img/13046_lab.png,train
13047,train,,train/train-org-img/13047.jpg,train/train-label-img/13047_lab.png,train
13051,train,,train/train-org-img/13051.jpg,train/train-label-img/13051_lab.png,train
13052,train,,train/train-org-img/13052.jpg,train/train-label-img/13052_lab.png,train
13053,train,,train/train-org-img/13053.jpg,train/train-label-img/13053_lab.png,train
13054,train,,train/train-org-img/13054.jpg,train/train-label-img/13054_lab.png,train
13055,train,,train/train-org-img/13055.jpg,train/train-label-img/13055_lab.png,train
13056,train,,train/train-org-img/13056.jpg,train/train-label-img/13056_lab.png,train
13057,train,,train/train-org-img/13057.jpg,train/train-label-img/13057_lab.png,train
13058,train,,train/train-org-img/13058.jpg,train/train-label-img/13058_lab.png,train
13059,train,,train/train-org-img/13059.jpg,train/train-label-img/13059_lab.png,train
13060,train,,train/train-org-img/13060.jpg,train/train-label-img/13060_lab.png,train
13061,train,,train/train-org-img/13061.jpg,train/train-label-img/13061_lab.png,train
13062,train,,train/train-org-img/13062.jpg,train/train-label-img/13062_lab.png,train
13063,train,,train/train-org-img/13063.jpg,train/train-label-img/13063_lab.png,train
13064,train,,train/train-org-img/13064.jpg,train/train-label-img/13064_lab.png,train
13065,train,,train/train-org-img/13065.jpg,train/train-label-img/13065_lab.png,train
13067,train,,train/train-org-img/13067.jpg,train/train-label-img/13067_lab.png,train
13068,train,,train/train-org-img/13068.jpg,train/train-label-img/13068_lab.png,train
13069,train,,train/train-org-img/13069.jpg,train/train-label-img/13069_lab.png,train
13070,train,,train/train-org-img/13070.jpg,train/train-label-img/13070_lab.png,train
13071,train,,train/train-org-img/13071.jpg,train/train-label-img/13071_lab.png,train
13072,train,,train/train-org-img/13072.jpg,train/train-label-img/13072_lab.png,train
13073,train,,train/train-org-img/13073.jpg,train/train-label-img/13073_lab.png,train
13074,train,,train/train-org-img/13074.jpg,train/train-label-img/13074_lab.png,train
13075,train,,train/train-org-img/13075.jpg,train/train-label-img/13075_lab.png,train
13077,train,,train/train-org-img/13077.jpg,train/train-label-img/13077_lab.png,train
13078,train,,train/train-org-img/13078.jpg,train/train-label-img/13078_lab.png,train
13079,train,,train/train-org-img/13079.jpg,train/train-label-img/13079_lab.png,train
13080,train,,train/train-org-img/13080.jpg,train/train-label-img/13080_lab.png,train
13081,train,,train/train-org-img/13081.jpg,train/train-label-img/13081_lab.png,train
13084,train,,train/train-org-img/13084.jpg,train/train-label-img/13084_lab.png,train
13086,train,,train/train-org-img/13086.jpg,train/train-label-img/13086_lab.png,train
13087,train,,train/train-org-img/13087.jpg,train/train-label-img/13087_lab.png,train
13088,train,,train/train-org-img/13088.jpg,train/train-label-img/13088_lab.png,train
13089,train,,train/train-org-img/13089.jpg,train/train-label-img/13089_lab.png,train
13090,train,,train/train-org-img/13090.jpg,train/train-label-img/13090_lab.png,train
13091,train,,train/train-org-img/13091.jpg,train/train-label-img/13091_lab.png,train
13092,train,,train/train-org-img/13092.jpg,train/train-label-img/13092_lab.png,train
13093,train,,train/train-org-img/13093.jpg,train/train-label-img/13093_lab.png,train
13094,train,,train/train-org-img/13094.jpg,train/train-label-img/13094_lab.png,train
13095,train,,train/train-org-img/13095.jpg,train/train-label-img/13095_lab.png,train
13096,train,,train/train-org-img/13096.jpg,train/train-label-img/13096_lab.png,train
13097,train,,train/train-org-img/13097.jpg,train/train-label-img/13097_lab.png,train
13098,train,,train/train-org-img/13098.jpg,train/train-label-img/13098_lab.png,train
13099,train,,train/train-org-img/13099.jpg,train/train-label-img/13099_lab.png,train
13100,train,,train/train-org-img/13100.jpg,train/train-label-img/13100_lab.png,train
13101,train,,train/train-org-img/13101.jpg,train/train-label-img/13101_lab.png,train
13102,train,,train/train-org-img/13102.jpg,train/train-label-img/13102_lab.png,train
13105,train,,train/train-org-img/13105.jpg,train/train-label-img/13105_lab.png,train
13106,train,,train/train-org-img/13106.jpg,train/train-label-img/13106_lab.png,train
13107,train,,train/train-org-img/13107.jpg,train/train-label-img/13107_lab.png,train
13109,train,,train/train-org-img/13109.jpg,train/train-label-img/13109_lab.png,train
13110,train,,train/train-org-img/13110.jpg,train/train-label-img/13110_lab.png,train
13112,train,,train/train-org-img/13112.jpg,train/train-label-img/13112_lab.png,train
13113,train,,train/train-org-img/13113.jpg,train/train-label-img/13113_lab.png,train
13115,train,,train/train-org-img/13115.jpg,train/train-label-img/13115_lab.png,train
13117,train,,train/train-org-img/13117.jpg,train/train-label-img/13117_lab.png,train
13119,train,,train/train-org-img/13119.jpg,train/train-label-img/13119_lab.png,train
13120,train,,train/train-org-img/13120.jpg,train/train-label-img/13120_lab.png,train
13122,train,,train/train-org-img/13122.jpg,train/train-label-img/13122_lab.png,train
13123,train,,train/train-org-img/13123.jpg,train/train-label-img/13123_lab.png,train
13124,train,,train/train-org-img/13124.jpg,train/train-label-img/13124_lab.png,train
13126,train,,train/train-org-img/13126.jpg,train/train-label-img/13126_lab.png,train
13127,train,,train/train-org-img/13127.jpg,train/train-label-img/13127_lab.png,train
13129,train,,train/train-org-img/13129.jpg,train/train-label-img/13129_lab.png,train
13130,train,,train/train-org-img/13130.jpg,train/train-label-img/13130_lab.png,train
13131,train,,train/train-org-img/13131.jpg,train/train-label-img/13131_lab.png,train
13132,train,,train/train-org-img/13132.jpg,train/train-label-img/13132_lab.png,train
13133,train,,train/train-org-img/13133.jpg,train/train-label-img/13133_lab.png,train
13134,train,,train/train-org-img/13134.jpg,train/train-label-img/13134_lab.png,train
13137,train,,train/train-org-img/13137.jpg,train/train-label-img/13137_lab.png,train
13138,train,,train/train-org-img/13138.jpg,train/train-label-img/13138_lab.png,train
13139,train,,train/train-org-img/13139.jpg,train/train-label-img/13139_lab.png,train
13140,train,,train/train-org-img/13140.jpg,train/train-label-img/13140_lab.png,train
13141,train,,train/train-org-img/13141.jpg,train/train-label-img/13141_lab.png,train
13142,train,,train/train-org-img/13142.jpg,train/train-label-img/13142_lab.png,train
13143,train,,train/train-org-img/13143.jpg,train/train-label-img/13143_lab.png,train
13144,train,,train/train-org-img/13144.jpg,train/train-label-img/13144_lab.png,train
13145,train,,train/train-org-img/13145.jpg,train/train-label-img/13145_lab.png,train
13146,train,,train/train-org-img/13146.jpg,train/train-label-img/13146_lab.png,train
13147,train,,train/train-org-img/13147.jpg,train/train-label-img/13147_lab.png,train
13151,train,,train/train-org-img/13151.jpg,train/train-label-img/13151_lab.png,train
13152,train,,train/train-org-img/13152.jpg,train/train-label-img/13152_lab.png,train
13153,train,,train/train-org-img/13153.jpg,train/train-label-img/13153_lab.png,train
13154,train,,train/train-org-img/13154.jpg,train/train-label-img/13154_lab.png,train
13156,train,,train/train-org-img/13156.jpg,train/train-label-img/13156_lab.png,train
13157,train,,train/train-org-img/13157.jpg,train/train-label-img/13157_lab.png,train
13159,train,,train/train-org-img/13159.jpg,train/train-label-img/13159_lab.png,train
13160,train,,train/train-org-img/13160.jpg,train/train-label-img/13160_lab.png,train
13161,train,,train/train-org-img/13161.jpg,train/train-label-img/13161_lab.png,train
13162,train,,train/train-org-img/13162.jpg,train/train-label-img/13162_lab.png,train
13165,train,,train/train-org-img/13165.jpg,train/train-label-img/13165_lab.png,train
13166,train,,train/train-org-img/13166.jpg,train/train-label-img/13166_lab.png,train
13168,train,,train/train-org-img/13168.jpg,train/train-label-img/13168_lab.png,train
13169,train,,train/train-org-img/13169.jpg,train/train-label-img/13169_lab.png,train
13170,train,,train/train-org-img/13170.jpg,train/train-label-img/13170_lab.png,train
13172,train,,train/train-org-img/13172.jpg,train/train-label-img/13172_lab.png,train
13173,train,,train/train-org-img/13173.jpg,train/train-label-img/13173_lab.png,train
13176,train,,train/train-org-img/13176.jpg,train/train-label-img/13176_lab.png,train
13177,train,,train/train-org-img/13177.jpg,train/train-label-img/13177_lab.png,train
13178,train,,train/train-org-img/13178.jpg,train/train-label-img/13178_lab.png,train
13179,train,,train/train-org-img/13179.jpg,train/train-label-img/13179_lab.png,train
13181,train,,train/train-org-img/13181.jpg,train/train-label-img/13181_lab.png,train
13182,train,,train/train-org-img/13182.jpg,train/train-label-img/13182_lab.png,train
13183,train,,train/train-org-img/13183.jpg,train/train-label-img/13183_lab.png,train
13184,train,,train/train-org-img/13184.jpg,train/train-label-img/13184_lab.png,train
13185,train,,train/train-org-img/13185.jpg,train/train-label-img/13185_lab.png,train
13186,train,,train/train-org-img/13186.jpg,train/train-label-img/13186_lab.png,train
13187,train,,train/train-org-img/13187.jpg,train/train-label-img/13187_lab.png,train
13201,train,,train/train-org-img/13201.jpg,train/train-label-img/13201_lab.png,train
13202,train,,train/train-org-img/13202.jpg,train/train-label-img/13202_lab.png,train
13203,train,,train/train-org-img/13203.jpg,train/train-label-img/13203_lab.png,train
13204,train,,train/train-org-img/13204.jpg,train/train-label-img/13204_lab.png,train
13206,train,,train/train-org-img/13206.jpg,train/train-label-img/13206_lab.png,train
13207,train,,train/train-org-img/13207.jpg,train/train-label-img/13207_lab.png,train
13208,train,,train/train-org-img/13208.jpg,train/train-label-img/13208_lab.png,train
13209,train,,train/train-org-img/13209.jpg,train/train-label-img/13209_lab.png,train
13212,train,,train/train-org-img/13212.jpg,train/train-label-img/13212_lab.png,train
13214,train,,train/train-org-img/13214.jpg,train/train-label-img/13214_lab.png,train
13215,train,,train/train-org-img/13215.jpg,train/train-label-img/13215_lab.png,train
13216,train,,train/train-org-img/13216.jpg,train/train-label-img/13216_lab.png,train
13217,train,,train/train-org-img/13217.jpg,train/train-label-img/13217_lab.png,train
13218,train,,train/train-org-img/13218.jpg,train/train-label-img/13218_lab.png,train
13219,train,,train/train-org-img/13219.jpg,train/train-label-img/13219_lab.png,train
13221,train,,train/train-org-img/13221.jpg,train/train-label-img/13221_lab.png,train
13222,train,,train/train-org-img/13222.jpg,train/train-label-img/13222_lab.png,train
13223,train,,train/train-org-img/13223.jpg,train/train-label-img/13223_lab.png,train
13224,train,,train/train-org-img/13224.jpg,train/train-label-img/13224_lab.png,train
13225,train,,train/train-org-img/13225.jpg,train/train-label-img/13225_lab.png,train
13227,train,,train/train-org-img/13227.jpg,train/train-label-img/13227_lab.png,train
13229,train,,train/train-org-img/13229.jpg,train/train-label-img/13229_lab.png,train
13230,train,,train/train-org-img/13230.jpg,train/train-label-img/13230_lab.png,train
13231,train,,train/train-org-img/13231.jpg,train/train-label-img/13231_lab.png,train
13232,train,,train/train-org-img/13232.jpg,train/train-label-img/13232_lab.png,train
13233,train,,train/train-org-img/13233.jpg,train/train-label-img/13233_lab.png,train
13235,train,,train/train-org-img/13235.jpg,train/train-label-img/13235_lab.png,train
13236,train,,train/train-org-img/13236.jpg,train/train-label-img/13236_lab.png,train
13237,train,,train/train-org-img/13237.jpg,train/train-label-img/13237_lab.png,train
13238,train,,train/train-org-img/13238.jpg,train/train-label-img/13238_lab.png,train
13239,train,,train/train-org-img/13239.jpg,train/train-label-img/13239_lab.png,train
13240,train,,train/train-org-img/13240.jpg,train/train-label-img/13240_lab.png,train
13242,train,,train/train-org-img/13242.jpg,train/train-label-img/13242_lab.png,train
13243,train,,train/train-org-img/13243.jpg,train/train-label-img/13243_lab.png,train
13244,train,,train/train-org-img/13244.jpg,train/train-label-img/13244_lab.png,train
13245,train,,train/train-org-img/13245.jpg,train/train-label-img/13245_lab.png,train
13246,train,,train/train-org-img/13246.jpg,train/train-label-img/13246_lab.png,train
13247,train,,train/train-org-img/13247.jpg,train/train-label-img/13247_lab.png,train
13248,train,,train/train-org-img/13248.jpg,train/train-label-img/13248_lab.png,train
13249,train,,train/train-org-img/13249.jpg,train/train-label-img/13249_lab.png,train
13250,train,,train/train-org-img/13250.jpg,train/train-label-img/13250_lab.png,train
13252,train,,train/train-org-img/13252.jpg,train/train-label-img/13252_lab.png,train
13253,train,,train/train-org-img/13253.jpg,train/train-label-img/13253_lab.png,train
13254,train,,train/train-org-img/13254.jpg,train/train-label-img/13254_lab.png,train
13255,train,,train/train-org-img/13255.jpg,train/train-label-img/13255_lab.png,train
13256,train,,train/train-org-img/13256.jpg,train/train-label-img/13256_lab.png,train
13257,train,,train/train-org-img/13257.jpg,train/train-label-img/13257_lab.png,train
13259,train,,train/train-org-img/13259.jpg,train/train-label-img/13259_lab.png,train
13260,train,,train/train-org-img/13260.jpg,train/train-label-img/13260_lab.png,train
13263,train,,train/train-org-img/13263.jpg,train/train-label-img/13263_lab.png,train
13267,train,,train/train-org-img/13267.jpg,train/train-label-img/13267_lab.png,train
13268,train,,train/train-org-img/13268.jpg,train/train-label-img/13268_lab.png,train
13269,train,,train/train-org-img/13269.jpg,train/train-label-img/13269_lab.png,train
13270,train,,train/train-org-img/13270.jpg,train/train-label-img/13270_lab.png,train
13271,train,,train/train-org-img/13271.jpg,train/train-label-img/13271_lab.png,train
13272,train,,train/train-org-img/13272.jpg,train/train-label-img/13272_lab.png,train
13273,train,,train/train-org-img/13273.jpg,train/train-label-img/13273_lab.png,train
13274,train,,train/train-org-img/13274.jpg,train/train-label-img/13274_lab.png,train
13275,train,,train/train-org-img/13275.jpg,train/train-label-img/13275_lab.png,train
13276,train,,train/train-org-img/13276.jpg,train/train-label-img/13276_lab.png,train
13277,train,,train/train-org-img/13277.jpg,train/train-label-img/13277_lab.png,train
13278,train,,train/train-org-img/13278.jpg,train/train-label-img/13278_lab.png,train
13279,train,,train/train-org-img/13279.jpg,train/train-label-img/13279_lab.png,train
13280,train,,train/train-org-img/13280.jpg,train/train-label-img/13280_lab.png,train
13282,train,,train/train-org-img/13282.jpg,train/train-label-img/13282_lab.png,train
13283,train,,train/train-org-img/13283.jpg,train/train-label-img/13283_lab.png,train
13284,train,,train/train-org-img/13284.jpg,train/train-label-img/13284_lab.png,train
13285,train,,train/train-org-img/13285.jpg,train/train-label-img/13285_lab.png,train
13286,train,,train/train-org-img/13286.jpg,train/train-label-img/13286_lab.png,train
13287,train,,train/train-org-img/13287.jpg,train/train-label-img/13287_lab.png,train
13288,train,,train/train-org-img/13288.jpg,train/train-label-img/13288_lab.png,train
13290,train,,train/train-org-img/13290.jpg,train/train-label-img/13290_lab.png,train
13291,train,,train/train-org-img/13291.jpg,train/train-label-img/13291_lab.png,train
13293,train,,train/train-org-img/13293.jpg,train/train-label-img/13293_lab.png,train
13294,train,,train/train-org-img/13294.jpg,train/train-label-img/13294_lab.png,train
13295,train,,train/train-org-img/13295.jpg,train/train-label-img/13295_lab.png,train
13296,train,,train/train-org-img/13296.jpg,train/train-label-img/13296_lab.png,train
13297,train,,train/train-org-img/13297.jpg,train/train-label-img/13297_lab.png,train
13298,train,,train/train-org-img/13298.jpg,train/train-label-img/13298_lab.png,train
13299,train,,train/train-org-img/13299.jpg,train/train-label-img/13299_lab.png,train
13300,train,,train/train-org-img/13300.jpg,train/train-label-img/13300_lab.png,train
13301,train,,train/train-org-img/13301.jpg,train/train-label-img/13301_lab.png,train
13302,train,,train/train-org-img/13302.jpg,train/train-label-img/13302_lab.png,train
13303,train,,train/train-org-img/13303.jpg,train/train-label-img/13303_lab.png,train
13304,train,,train/train-org-img/13304.jpg,train/train-label-img/13304_lab.png,train
13305,train,,train/train-org-img/13305.jpg,train/train-label-img/13305_lab.png,train
13307,train,,train/train-org-img/13307.jpg,train/train-label-img/13307_lab.png,train
13308,train,,train/train-org-img/13308.jpg,train/train-label-img/13308_lab.png,train
13309,train,,train/train-org-img/13309.jpg,train/train-label-img/13309_lab.png,train
13310,train,,train/train-org-img/13310.jpg,train/train-label-img/13310_lab.png,train
13312,train,,train/train-org-img/13312.jpg,train/train-label-img/13312_lab.png,train
13313,train,,train/train-org-img/13313.jpg,train/train-label-img/13313_lab.png,train
13314,train,,train/train-org-img/13314.jpg,train/train-label-img/13314_lab.png,train
13315,train,,train/train-org-img/13315.jpg,train/train-label-img/13315_lab.png,train
13318,train,,train/train-org-img/13318.jpg,train/train-label-img/13318_lab.png,train
13319,train,,train/train-org-img/13319.jpg,train/train-label-img/13319_lab.png,train
13320,train,,train/train-org-img/13320.jpg,train/train-label-img/13320_lab.png,train
13322,train,,train/train-org-img/13322.jpg,train/train-label-img/13322_lab.png,train
13324,train,,train/train-org-img/13324.jpg,train/train-label-img/13324_lab.png,train
13325,train,,train/train-org-img/13325.jpg,train/train-label-img/13325_lab.png,train
13326,train,,train/train-org-img/13326.jpg,train/train-label-img/13326_lab.png,train
13327,train,,train/train-org-img/13327.jpg,train/train-label-img/13327_lab.png,train
13330,train,,train/train-org-img/13330.jpg,train/train-label-img/13330_lab.png,train
13332,train,,train/train-org-img/13332.jpg,train/train-label-img/13332_lab.png,train
13334,train,,train/train-org-img/13334.jpg,train/train-label-img/13334_lab.png,train
13335,train,,train/train-org-img/13335.jpg,train/train-label-img/13335_lab.png,train
13336,train,,train/train-org-img/13336.jpg,train/train-label-img/13336_lab.png,train
13337,train,,train/train-org-img/13337.jpg,train/train-label-img/13337_lab.png,train
13339,train,,train/train-org-img/13339.jpg,train/train-label-img/13339_lab.png,train
13340,train,,train/train-org-img/13340.jpg,train/train-label-img/13340_lab.png,train
13341,train,,train/train-org-img/13341.jpg,train/train-label-img/13341_lab.png,train
13343,train,,train/train-org-img/13343.jpg,train/train-label-img/13343_lab.png,train
13344,train,,train/train-org-img/13344.jpg,train/train-label-img/13344_lab.png,train
13345,train,,train/train-org-img/13345.jpg,train/train-label-img/13345_lab.png,train
13346,train,,train/train-org-img/13346.jpg,train/train-label-img/13346_lab.png,train
13347,train,,train/train-org-img/13347.jpg,train/train-label-img/13347_lab.png,train
13348,train,,train/train-org-img/13348.jpg,train/train-label-img/13348_lab.png,train
13349,train,,train/train-org-img/13349.jpg,train/train-label-img/13349_lab.png,train
13351,train,,train/train-org-img/13351.jpg,train/train-label-img/13351_lab.png,train
13352,train,,train/train-org-img/13352.jpg,train/train-label-img/13352_lab.png,train
13354,train,,train/train-org-img/13354.jpg,train/train-label-img/13354_lab.png,train
13355,train,,train/train-org-img/13355.jpg,train/train-label-img/13355_lab.png,train
13357,train,,train/train-org-img/13357.jpg,train/train-label-img/13357_lab.png,train
13359,train,,train/train-org-img/13359.jpg,train/train-label-img/13359_lab.png,train
13360,train,,train/train-org-img/13360.jpg,train/train-label-img/13360_lab.png,train
13362,train,,train/train-org-img/13362.jpg,train/train-label-img/13362_lab.png,train
13367,train,,train/train-org-img/13367.jpg,train/train-label-img/13367_lab.png,train
13368,train,,train/train-org-img/13368.jpg,train/train-label-img/13368_lab.png,train
13369,train,,train/train-org-img/13369.jpg,train/train-label-img/13369_lab.png,train
13370,train,,train/train-org-img/13370.jpg,train/train-label-img/13370_lab.png,train
13371,train,,train/train-org-img/13371.jpg,train/train-label-img/13371_lab.png,train
13372,train,,train/train-org-img/13372.jpg,train/train-label-img/13372_lab.png,train
13373,train,,train/train-org-img/13373.jpg,train/train-label-img/13373_lab.png,train
13374,train,,train/train-org-img/13374.jpg,train/train-label-img/13374_lab.png,train
13375,train,,train/train-org-img/13375.jpg,train/train-label-img/13375_lab.png,train
13376,train,,train/train-org-img/13376.jpg,train/train-label-img/13376_lab.png,train
13377,train,,train/train-org-img/13377.jpg,train/train-label-img/13377_lab.png,train
13378,train,,train/train-org-img/13378.jpg,train/train-label-img/13378_lab.png,train
13379,train,,train/train-org-img/13379.jpg,train/train-label-img/13379_lab.png,train
13380,train,,train/train-org-img/13380.jpg,train/train-label-img/13380_lab.png,train
13381,train,,train/train-org-img/13381.jpg,train/train-label-img/13381_lab.png,train
13382,train,,train/train-org-img/13382.jpg,train/train-label-img/13382_lab.png,train
13383,train,,train/train-org-img/13383.jpg,train/train-label-img/13383_lab.png,train
13384,train,,train/train-org-img/13384.jpg,train/train-label-img/13384_lab.png,train
13385,train,,train/train-org-img/13385.jpg,train/train-label-img/13385_lab.png,train
13386,train,,train/train-org-img/13386.jpg,train/train-label-img/13386_lab.png,train
13387,train,,train/train-org-img/13387.jpg,train/train-label-img/13387_lab.png,train
13389,train,,train/train-org-img/13389.jpg,train/train-label-img/13389_lab.png,train
13390,train,,train/train-org-img/13390.jpg,train/train-label-img/13390_lab.png,train
13391,train,,train/train-org-img/13391.jpg,train/train-label-img/13391_lab.png,train
13393,train,,train/train-org-img/13393.jpg,train/train-label-img/13393_lab.png,train
13394,train,,train/train-org-img/13394.jpg,train/train-label-img/13394_lab.png,train
13396,train,,train/train-org-img/13396.jpg,train/train-label-img/13396_lab.png,train
13397,train,,train/train-org-img/13397.jpg,train/train-label-img/13397_lab.png,train
13398,train,,train/train-org-img/13398.jpg,train/train-label-img/13398_lab.png,train
13399,train,,train/train-org-img/13399.jpg,train/train-label-img/13399_lab.png,train
13400,train,,train/train-org-img/13400.jpg,train/train-label-img/13400_lab.png,train
13402,train,,train/train-org-img/13402.jpg,train/train-label-img/13402_lab.png,train
13403,train,,train/train-org-img/13403.jpg,train/train-label-img/13403_lab.png,train
13404,train,,train/train-org-img/13404.jpg,train/train-label-img/13404_lab.png,train
13406,train,,train/train-org-img/13406.jpg,train/train-label-img/13406_lab.png,train
13407,train,,train/train-org-img/13407.jpg,train/train-label-img/13407_lab.png,train
13408,train,,train/train-org-img/13408.jpg,train/train-label-img/13408_lab.png,train
13409,train,,train/train-org-img/13409.jpg,train/train-label-img/13409_lab.png,train
13410,train,,train/train-org-img/13410.jpg,train/train-label-img/13410_lab.png,train
13412,train,,train/train-org-img/13412.jpg,train/train-label-img/13412_lab.png,train
13413,train,,train/train-org-img/13413.jpg,train/train-label-img/13413_lab.png,train
13414,train,,train/train-org-img/13414.jpg,train/train-label-img/13414_lab.png,train
13415,train,,train/train-org-img/13415.jpg,train/train-label-img/13415_lab.png,train
13416,train,,train/train-org-img/13416.jpg,train/train-label-img/13416_lab.png,train
13417,train,,train/train-org-img/13417.jpg,train/train-label-img/13417_lab.png,train
13419,train,,train/train-org-img/13419.jpg,train/train-label-img/13419_lab.png,train
13420,train,,train/train-org-img/13420.jpg,train/train-label-img/13420_lab.png,train
13422,train,,train/train-org-img/13422.jpg,train/train-label-img/13422_lab.png,train
13424,train,,train/train-org-img/13424.jpg,train/train-label-img/13424_lab.png,train
13426,train,,train/train-org-img/13426.jpg,train/train-label-img/13426_lab.png,train
13428,train,,train/train-org-img/13428.jpg,train/train-label-img/13428_lab.png,train
13430,train,,train/train-org-img/13430.jpg,train/train-label-img/13430_lab.png,train
13431,train,,train/train-org-img/13431.jpg,train/train-label-img/13431_lab.png,train
13433,train,,train/train-org-img/13433.jpg,train/train-label-img/13433_lab.png,train
13434,train,,train/train-org-img/13434.jpg,train/train-label-img/13434_lab.png,train
13435,train,,train/train-org-img/13435.jpg,train/train-label-img/13435_lab.png,train
13436,train,,train/train-org-img/13436.jpg,train/train-label-img/13436_lab.png,train
13437,train,,train/train-org-img/13437.jpg,train/train-label-img/13437_lab.png,train
13438,train,,train/train-org-img/13438.jpg,train/train-label-img/13438_lab.png,train
13440,train,,train/train-org-img/13440.jpg,train/train-label-img/13440_lab.png,train
13441,train,,train/train-org-img/13441.jpg,train/train-label-img/13441_lab.png,train
13444,train,,train/train-org-img/13444.jpg,train/train-label-img/13444_lab.png,train
13445,train,,train/train-org-img/13445.jpg,train/train-label-img/13445_lab.png,train
13446,train,,train/train-org-img/13446.jpg,train/train-label-img/13446_lab.png,train
13448,train,,train/train-org-img/13448.jpg,train/train-label-img/13448_lab.png,train
13449,train,,train/train-org-img/13449.jpg,train/train-label-img/13449_lab.png,train
13451,train,,train/train-org-img/13451.jpg,train/train-label-img/13451_lab.png,train
13453,train,,train/train-org-img/13453.jpg,train/train-label-img/13453_lab.png,train
13454,train,,train/train-org-img/13454.jpg,train/train-label-img/13454_lab.png,train
13455,train,,train/train-org-img/13455.jpg,train/train-label-img/13455_lab.png,train
13457,train,,train/train-org-img/13457.jpg,train/train-label-img/13457_lab.png,train
13458,train,,train/train-org-img/13458.jpg,train/train-label-img/13458_lab.png,train
13459,train,,train/train-org-img/13459.jpg,train/train-label-img/13459_lab.png,train
13460,train,,train/train-org-img/13460.jpg,train/train-label-img/13460_lab.png,train
13461,train,,train/train-org-img/13461.jpg,train/train-label-img/13461_lab.png,train
13462,train,,train/train-org-img/13462.jpg,train/train-label-img/13462_lab.png,train
13463,train,,train/train-org-img/13463.jpg,train/train-label-img/13463_lab.png,train
13466,train,,train/train-org-img/13466.jpg,train/train-label-img/13466_lab.png,train
13467,train,,train/train-org-img/13467.jpg,train/train-label-img/13467_lab.png,train
13468,train,,train/train-org-img/13468.jpg,train/train-label-img/13468_lab.png,train
13470,train,,train/train-org-img/13470.jpg,train/train-label-img/13470_lab.png,train
13471,train,,train/train-org-img/13471.jpg,train/train-label-img/13471_lab.png,train
13472,train,,train/train-org-img/13472.jpg,train/train-label-img/13472_lab.png,train
13474,train,,train/train-org-img/13474.jpg,train/train-label-img/13474_lab.png,train
13488,train,,train/train-org-img/13488.jpg,train/train-label-img/13488_lab.png,train
13490,train,,train/train-org-img/13490.jpg,train/train-label-img/13490_lab.png,train
13491,train,,train/train-org-img/13491.jpg,train/train-label-img/13491_lab.png,train
13493,train,,train/train-org-img/13493.jpg,train/train-label-img/13493_lab.png,train
13494,train,,train/train-org-img/13494.jpg,train/train-label-img/13494_lab.png,train
13495,train,,train/train-org-img/13495.jpg,train/train-label-img/13495_lab.png,train
13496,train,,train/train-org-img/13496.jpg,train/train-label-img/13496_lab.png,train
13498,train,,train/train-org-img/13498.jpg,train/train-label-img/13498_lab.png,train
13499,train,,train/train-org-img/13499.jpg,train/train-label-img/13499_lab.png,train
13500,train,,train/train-org-img/13500.jpg,train/train-label-img/13500_lab.png,train
13501,train,,train/train-org-img/13501.jpg,train/train-label-img/13501_lab.png,train
13502,train,,train/train-org-img/13502.jpg,train/train-label-img/13502_lab.png,train
13503,train,,train/train-org-img/13503.jpg,train/train-label-img/13503_lab.png,train
13504,train,,train/train-org-img/13504.jpg,train/train-label-img/13504_lab.png,train
13505,train,,train/train-org-img/13505.jpg,train/train-label-img/13505_lab.png,train
13507,train,,train/train-org-img/13507.jpg,train/train-label-img/13507_lab.png,train
13508,train,,train/train-org-img/13508.jpg,train/train-label-img/13508_lab.png,train
13509,train,,train/train-org-img/13509.jpg,train/train-label-img/13509_lab.png,train
13510,train,,train/train-org-img/13510.jpg,train/train-label-img/13510_lab.png,train
13511,train,,train/train-org-img/13511.jpg,train/train-label-img/13511_lab.png,train
13512,train,,train/train-org-img/13512.jpg,train/train-label-img/13512_lab.png,train
13515,train,,train/train-org-img/13515.jpg,train/train-label-img/13515_lab.png,train
13516,train,,train/train-org-img/13516.jpg,train/train-label-img/13516_lab.png,train
13517,train,,train/train-org-img/13517.jpg,train/train-label-img/13517_lab.png,train
13518,train,,train/train-org-img/13518.jpg,train/train-label-img/13518_lab.png,train
13521,train,,train/train-org-img/13521.jpg,train/train-label-img/13521_lab.png,train
13522,train,,train/train-org-img/13522.jpg,train/train-label-img/13522_lab.png,train
13523,train,,train/train-org-img/13523.jpg,train/train-label-img/13523_lab.png,train
13524,train,,train/train-org-img/13524.jpg,train/train-label-img/13524_lab.png,train
13526,train,,train/train-org-img/13526.jpg,train/train-label-img/13526_lab.png,train
13527,train,,train/train-org-img/13527.jpg,train/train-label-img/13527_lab.png,train
13528,train,,train/train-org-img/13528.jpg,train/train-label-img/13528_lab.png,train
13530,train,,train/train-org-img/13530.jpg,train/train-label-img/13530_lab.png,train
13531,train,,train/train-org-img/13531.jpg,train/train-label-img/13531_lab.png,train
13532,train,,train/train-org-img/13532.jpg,train/train-label-img/13532_lab.png,train
13533,train,,train/train-org-img/13533.jpg,train/train-label-img/13533_lab.png,train
13534,train,,train/train-org-img/13534.jpg,train/train-label-img/13534_lab.png,train
13535,train,,train/train-org-img/13535.jpg,train/train-label-img/13535_lab.png,train
13536,train,,train/train-org-img/13536.jpg,train/train-label-img/13536_lab.png,train
13537,train,,train/train-org-img/13537.jpg,train/train-label-img/13537_lab.png,train
13538,train,,train/train-org-img/13538.jpg,train/train-label-img/13538_lab.png,train
13539,train,,train/train-org-img/13539.jpg,train/train-label-img/13539_lab.png,train
13540,train,,train/train-org-img/13540.jpg,train/train-label-img/13540_lab.png,train
13545,train,,train/train-org-img/13545.jpg,train/train-label-img/13545_lab.png,train
13546,train,,train/train-org-img/13546.jpg,train/train-label-img/13546_lab.png,train
13547,train,,train/train-org-img/13547.jpg,train/train-label-img/13547_lab.png,train
13548,train,,train/train-org-img/13548.jpg,train/train-label-img/13548_lab.png,train
13549,train,,train/train-org-img/13549.jpg,train/train-label-img/13549_lab.png,train
13550,train,,train/train-org-img/13550.jpg,train/train-label-img/13550_lab.png,train
13551,train,,train/train-org-img/13551.jpg,train/train-label-img/13551_lab.png,train
13552,train,,train/train-org-img/13552.jpg,train/train-label-img/13552_lab.png,train
13553,train,,train/train-org-img/13553.jpg,train/train-label-img/13553_lab.png,train
13554,train,,train/train-org-img/13554.jpg,train/train-label-img/13554_lab.png,train
13555,train,,train/train-org-img/13555.jpg,train/train-label-img/13555_lab.png,train
13556,train,,train/train-org-img/13556.jpg,train/train-label-img/13556_lab.png,train
13557,train,,train/train-org-img/13557.jpg,train/train-label-img/13557_lab.png,train
13558,train,,train/train-org-img/13558.jpg,train/train-label-img/13558_lab.png,train
13559,train,,train/train-org-img/13559.jpg,train/train-label-img/13559_lab.png,train
13560,train,,train/train-org-img/13560.jpg,train/train-label-img/13560_lab.png,train
13561,train,,train/train-org-img/13561.jpg,train/train-label-img/13561_lab.png,train
13562,train,,train/train-org-img/13562.jpg,train/train-label-img/13562_lab.png,train
13565,train,,train/train-org-img/13565.jpg,train/train-label-img/13565_lab.png,train
13567,train,,train/train-org-img/13567.jpg,train/train-label-img/13567_lab.png,train
13568,train,,train/train-org-img/13568.jpg,train/train-label-img/13568_lab.png,train
13571,train,,train/train-org-img/13571.jpg,train/train-label-img/13571_lab.png,train
13573,train,,train/train-org-img/13573.jpg,train/train-label-img/13573_lab.png,train
13574,train,,train/train-org-img/13574.jpg,train/train-label-img/13574_lab.png,train
13576,train,,train/train-org-img/13576.jpg,train/train-label-img/13576_lab.png,train
13577,train,,train/train-org-img/13577.jpg,train/train-label-img/13577_lab.png,train
13579,train,,train/train-org-img/13579.jpg,train/train-label-img/13579_lab.png,train
13582,train,,train/train-org-img/13582.jpg,train/train-label-img/13582_lab.png,train
13583,train,,train/train-org-img/13583.jpg,train/train-label-img/13583_lab.png,train
13584,train,,train/train-org-img/13584.jpg,train/train-label-img/13584_lab.png,train
13585,train,,train/train-org-img/13585.jpg,train/train-label-img/13585_lab.png,train
13586,train,,train/train-org-img/13586.jpg,train/train-label-img/13586_lab.png,train
13587,train,,train/train-org-img/13587.jpg,train/train-label-img/13587_lab.png,train
13588,train,,train/train-org-img/13588.jpg,train/train-label-img/13588_lab.png,train
13589,train,,train/train-org-img/13589.jpg,train/train-label-img/13589_lab.png,train
13592,train,,train/train-org-img/13592.jpg,train/train-label-img/13592_lab.png,train
13593,train,,train/train-org-img/13593.jpg,train/train-label-img/13593_lab.png,train
13594,train,,train/train-org-img/13594.jpg,train/train-label-img/13594_lab.png,train
13596,train,,train/train-org-img/13596.jpg,train/train-label-img/13596_lab.png,train
13625,train,,train/train-org-img/13625.jpg,train/train-label-img/13625_lab.png,train
13627,train,,train/train-org-img/13627.jpg,train/train-label-img/13627_lab.png,train
13628,train,,train/train-org-img/13628.jpg,train/train-label-img/13628_lab.png,train
13630,train,,train/train-org-img/13630.jpg,train/train-label-img/13630_lab.png,train
13631,train,,train/train-org-img/13631.jpg,train/train-label-img/13631_lab.png,train
13632,train,,train/train-org-img/13632.jpg,train/train-label-img/13632_lab.png,train
13633,train,,train/train-org-img/13633.jpg,train/train-label-img/13633_lab.png,train
13634,train,,train/train-org-img/13634.jpg,train/train-label-img/13634_lab.png,train
13635,train,,train/train-org-img/13635.jpg,train/train-label-img/13635_lab.png,train
13636,train,,train/train-org-img/13636.jpg,train/train-label-img/13636_lab.png,train
13637,train,,train/train-org-img/13637.jpg,train/train-label-img/13637_lab.png,train
13638,train,,train/train-org-img/13638.jpg,train/train-label-img/13638_lab.png,train
13641,train,,train/train-org-img/13641.jpg,train/train-label-img/13641_lab.png,train
13642,train,,train/train-org-img/13642.jpg,train/train-label-img/13642_lab.png,train
13643,train,,train/train-org-img/13643.jpg,train/train-label-img/13643_lab.png,train
13644,train,,train/train-org-img/13644.jpg,train/train-label-img/13644_lab.png,train
13646,train,,train/train-org-img/13646.jpg,train/train-label-img/13646_lab.png,train
13647,train,,train/train-org-img/13647.jpg,train/train-label-img/13647_lab.png,train
13648,train,,train/train-org-img/13648.jpg,train/train-label-img/13648_lab.png,train
13649,train,,train/train-org-img/13649.jpg,train/train-label-img/13649_lab.png,train
13650,train,,train/train-org-img/13650.jpg,train/train-label-img/13650_lab.png,train
13651,train,,train/train-org-img/13651.jpg,train/train-label-img/13651_lab.png,train
13652,train,,train/train-org-img/13652.jpg,train/train-label-img/13652_lab.png,train
13653,train,,train/train-org-img/13653.jpg,train/train-label-img/13653_lab.png,train
13656,train,,train/train-org-img/13656.jpg,train/train-label-img/13656_lab.png,train
13657,train,,train/train-org-img/13657.jpg,train/train-label-img/13657_lab.png,train
13658,train,,train/train-org-img/13658.jpg,train/train-label-img/13658_lab.png,train
13659,train,,train/train-org-img/13659.jpg,train/train-label-img/13659_lab.png,train
13660,train,,train/train-org-img/13660.jpg,train/train-label-img/13660_lab.png,train
13661,train,,train/train-org-img/13661.jpg,train/train-label-img/13661_lab.png,train
13662,train,,train/train-org-img/13662.jpg,train/train-label-img/13662_lab.png,train
13663,train,,train/train-org-img/13663.jpg,train/train-label-img/13663_lab.png,train
13664,train,,train/train-org-img/13664.jpg,train/train-label-img/13664_lab.png,train
13665,train,,train/train-org-img/13665.jpg,train/train-label-img/13665_lab.png,train
13669,train,,train/train-org-img/13669.jpg,train/train-label-img/13669_lab.png,train
13671,train,,train/train-org-img/13671.jpg,train/train-label-img/13671_lab.png,train
13672,train,,train/train-org-img/13672.jpg,train/train-label-img/13672_lab.png,train
13673,train,,train/train-org-img/13673.jpg,train/train-label-img/13673_lab.png,train
13675,train,,train/train-org-img/13675.jpg,train/train-label-img/13675_lab.png,train
13676,train,,train/train-org-img/13676.jpg,train/train-label-img/13676_lab.png,train
13677,train,,train/train-org-img/13677.jpg,train/train-label-img/13677_lab.png,train
13678,train,,train/train-org-img/13678.jpg,train/train-label-img/13678_lab.png,train
13679,train,,train/train-org-img/13679.jpg,train/train-label-img/13679_lab.png,train
13680,train,,train/train-org-img/13680.jpg,train/train-label-img/13680_lab.png,train
13681,train,,train/train-org-img/13681.jpg,train/train-label-img/13681_lab.png,train
13684,train,,train/train-org-img/13684.jpg,train/train-label-img/13684_lab.png,train
13685,train,,train/train-org-img/13685.jpg,train/train-label-img/13685_lab.png,train
13686,train,,train/train-org-img/13686.jpg,train/train-label-img/13686_lab.png,train
13687,train,,train/train-org-img/13687.jpg,train/train-label-img/13687_lab.png,train
13689,train,,train/train-org-img/13689.jpg,train/train-label-img/13689_lab.png,train
13690,train,,train/train-org-img/13690.jpg,train/train-label-img/13690_lab.png,train
13692,train,,train/train-org-img/13692.jpg,train/train-label-img/13692_lab.png,train
13693,train,,train/train-org-img/13693.jpg,train/train-label-img/13693_lab.png,train
13694,train,,train/train-org-img/13694.jpg,train/train-label-img/13694_lab.png,train
13695,train,,train/train-org-img/13695.jpg,train/train-label-img/13695_lab.png,train
13696,train,,train/train-org-img/13696.jpg,train/train-label-img/13696_lab.png,train
13697,train,,train/train-org-img/13697.jpg,train/train-label-img/13697_lab.png,train
13698,train,,train/train-org-img/13698.jpg,train/train-label-img/13698_lab.png,train
13699,train,,train/train-org-img/13699.jpg,train/train-label-img/13699_lab.png,train
13700,train,,train/train-org-img/13700.jpg,train/train-label-img/13700_lab.png,train
13701,train,,train/train-org-img/13701.jpg,train/train-label-img/13701_lab.png,train
13704,train,,train/train-org-img/13704.jpg,train/train-label-img/13704_lab.png,train
13705,train,,train/train-org-img/13705.jpg,train/train-label-img/13705_lab.png,train
13707,train,,train/train-org-img/13707.jpg,train/train-label-img/13707_lab.png,train
13709,train,,train/train-org-img/13709.jpg,train/train-label-img/13709_lab.png,train
13710,train,,train/train-org-img/13710.jpg,train/train-label-img/13710_lab.png,train
13711,train,,train/train-org-img/13711.jpg,train/train-label-img/13711_lab.png,train
13712,train,,train/train-org-img/13712.jpg,train/train-label-img/13712_lab.png,train
13713,train,,train/train-org-img/13713.jpg,train/train-label-img/13713_lab.png,train
13714,train,,train/train-org-img/13714.jpg,train/train-label-img/13714_lab.png,train
13715,train,,train/train-org-img/13715.jpg,train/train-label-img/13715_lab.png,train
13716,train,,train/train-org-img/13716.jpg,train/train-label-img/13716_lab.png,train
13717,train,,train/train-org-img/13717.jpg,train/train-label-img/13717_lab.png,train
13718,train,,train/train-org-img/13718.jpg,train/train-label-img/13718_lab.png,train
13719,train,,train/train-org-img/13719.jpg,train/train-label-img/13719_lab.png,train
13720,train,,train/train-org-img/13720.jpg,train/train-label-img/13720_lab.png,train
13721,train,,train/train-org-img/13721.jpg,train/train-label-img/13721_lab.png,train
13722,train,,train/train-org-img/13722.jpg,train/train-label-img/13722_lab.png,train
13723,train,,train/train-org-img/13723.jpg,train/train-label-img/13723_lab.png,train
13724,train,,train/train-org-img/13724.jpg,train/train-label-img/13724_lab.png,train
13725,train,,train/train-org-img/13725.jpg,train/train-label-img/13725_lab.png,train
13726,train,,train/train-org-img/13726.jpg,train/train-label-img/13726_lab.png,train
13728,train,,train/train-org-img/13728.jpg,train/train-label-img/13728_lab.png,train
13729,train,,train/train-org-img/13729.jpg,train/train-label-img/13729_lab.png,train
13730,train,,train/train-org-img/13730.jpg,train/train-label-img/13730_lab.png,train
13731,train,,train/train-org-img/13731.jpg,train/train-label-img/13731_lab.png,train
13732,train,,train/train-org-img/13732.jpg,train/train-label-img/13732_lab.png,train
13733,train,,train/train-org-img/13733.jpg,train/train-label-img/13733_lab.png,train
13734,train,,train/train-org-img/13734.jpg,train/train-label-img/13734_lab.png,train
13735,train,,train/train-org-img/13735.jpg,train/train-label-img/13735_lab.png,train
13736,train,,train/train-org-img/13736.jpg,train/train-label-img/13736_lab.png,train
13738,train,,train/train-org-img/13738.jpg,train/train-label-img/13738_lab.png,train
13739,train,,train/train-org-img/13739.jpg,train/train-label-img/13739_lab.png,train
13740,train,,train/train-org-img/13740.jpg,train/train-label-img/13740_lab.png,train
13741,train,,train/train-org-img/13741.jpg,train/train-label-img/13741_lab.png,train
13742,train,,train/train-org-img/13742.jpg,train/train-label-img/13742_lab.png,train
13744,train,,train/train-org-img/13744.jpg,train/train-label-img/13744_lab.png,train
13745,train,,train/train-org-img/13745.jpg,train/train-label-img/13745_lab.png,train
13746,train,,train/train-org-img/13746.jpg,train/train-label-img/13746_lab.png,train
13747,train,,train/train-org-img/13747.jpg,train/train-label-img/13747_lab.png,train
13748,train,,train/train-org-img/13748.jpg,train/train-label-img/13748_lab.png,train
13749,train,,train/train-org-img/13749.jpg,train/train-label-img/13749_lab.png,train
13750,train,,train/train-org-img/13750.jpg,train/train-label-img/13750_lab.png,train
13751,train,,train/train-org-img/13751.jpg,train/train-label-img/13751_lab.png,train
13752,train,,train/train-org-img/13752.jpg,train/train-label-img/13752_lab.png,train
13753,train,,train/train-org-img/13753.jpg,train/train-label-img/13753_lab.png,train
13754,train,,train/train-org-img/13754.jpg,train/train-label-img/13754_lab.png,train
13755,train,,train/train-org-img/13755.jpg,train/train-label-img/13755_lab.png,train
13756,train,,train/train-org-img/13756.jpg,train/train-label-img/13756_lab.png,train
13757,train,,train/train-org-img/13757.jpg,train/train-label-img/13757_lab.png,train
13758,train,,train/train-org-img/13758.jpg,train/train-label-img/13758_lab.png,train
13759,train,,train/train-org-img/13759.jpg,train/train-label-img/13759_lab.png,train
13761,train,,train/train-org-img/13761.jpg,train/train-label-img/13761_lab.png,train
13763,train,,train/train-org-img/13763.jpg,train/train-label-img/13763_lab.png,train
13764,train,,train/train-org-img/13764.jpg,train/train-label-img/13764_lab.png,train
13765,train,,train/train-org-img/13765.jpg,train/train-label-img/13765_lab.png,train
13766,train,,train/train-org-img/13766.jpg,train/train-label-img/13766_lab.png,train
13767,train,,train/train-org-img/13767.jpg,train/train-label-img/13767_lab.png,train
13768,train,,train/train-org-img/13768.jpg,train/train-label-img/13768_lab.png,train
13769,train,,train/train-org-img/13769.jpg,train/train-label-img/13769_lab.png,train
13771,train,,train/train-org-img/13771.jpg,train/train-label-img/13771_lab.png,train
13772,train,,train/train-org-img/13772.jpg,train/train-label-img/13772_lab.png,train
13774,train,,train/train-org-img/13774.jpg,train/train-label-img/13774_lab.png,train
13776,train,,train/train-org-img/13776.jpg,train/train-label-img/13776_lab.png,train
13777,train,,train/train-org-img/13777.jpg,train/train-label-img/13777_lab.png,train
13778,train,,train/train-org-img/13778.jpg,train/train-label-img/13778_lab.png,train
13779,train,,train/train-org-img/13779.jpg,train/train-label-img/13779_lab.png,train
13780,train,,train/train-org-img/13780.jpg,train/train-label-img/13780_lab.png,train
13781,train,,train/train-org-img/13781.jpg,train/train-label-img/13781_lab.png,train
13782,train,,train/train-org-img/13782.jpg,train/train-label-img/13782_lab.png,train
13783,train,,train/train-org-img/13783.jpg,train/train-label-img/13783_lab.png,train
13785,train,,train/train-org-img/13785.jpg,train/train-label-img/13785_lab.png,train
13786,train,,train/train-org-img/13786.jpg,train/train-label-img/13786_lab.png,train
13787,train,,train/train-org-img/13787.jpg,train/train-label-img/13787_lab.png,train
13788,train,,train/train-org-img/13788.jpg,train/train-label-img/13788_lab.png,train
13789,train,,train/train-org-img/13789.jpg,train/train-label-img/13789_lab.png,train
13790,train,,train/train-org-img/13790.jpg,train/train-label-img/13790_lab.png,train
13791,train,,train/train-org-img/13791.jpg,train/train-label-img/13791_lab.png,train
13792,train,,train/train-org-img/13792.jpg,train/train-label-img/13792_lab.png,train
13793,train,,train/train-org-img/13793.jpg,train/train-label-img/13793_lab.png,train
13794,train,,train/train-org-img/13794.jpg,train/train-label-img/13794_lab.png,train
13796,train,,train/train-org-img/13796.jpg,train/train-label-img/13796_lab.png,train
13797,train,,train/train-org-img/13797.jpg,train/train-label-img/13797_lab.png,train
13798,train,,train/train-org-img/13798.jpg,train/train-label-img/13798_lab.png,train
13799,train,,train/train-org-img/13799.jpg,train/train-label-img/13799_lab.png,train
13801,train,,train/train-org-img/13801.jpg,train/train-label-img/13801_lab.png,train
13802,train,,train/train-org-img/13802.jpg,train/train-label-img/13802_lab.png,train
13803,train,,train/train-org-img/13803.jpg,train/train-label-img/13803_lab.png,train
13804,train,,train/train-org-img/13804.jpg,train/train-label-img/13804_lab.png,train
13805,train,,train/train-org-img/13805.jpg,train/train-label-img/13805_lab.png,train
13806,train,,train/train-org-img/13806.jpg,train/train-label-img/13806_lab.png,train
13807,train,,train/train-org-img/13807.jpg,train/train-label-img/13807_lab.png,train
13808,train,,train/train-org-img/13808.jpg,train/train-label-img/13808_lab.png,train
13809,train,,train/train-org-img/13809.jpg,train/train-label-img/13809_lab.png,train
13810,train,,train/train-org-img/13810.jpg,train/train-label-img/13810_lab.png,train
13811,train,,train/train-org-img/13811.jpg,train/train-label-img/13811_lab.png,train
13813,train,,train/train-org-img/13813.jpg,train/train-label-img/13813_lab.png,train
13814,train,,train/train-org-img/13814.jpg,train/train-label-img/13814_lab.png,train
13867,train,,train/train-org-img/13867.jpg,train/train-label-img/13867_lab.png,train
13870,train,,train/train-org-img/13870.jpg,train/train-label-img/13870_lab.png,train
13871,train,,train/train-org-img/13871.jpg,train/train-label-img/13871_lab.png,train
13873,train,,train/train-org-img/13873.jpg,train/train-label-img/13873_lab.png,train
13874,train,,train/train-org-img/13874.jpg,train/train-label-img/13874_lab.png,train
13875,train,,train/train-org-img/13875.jpg,train/train-label-img/13875_lab.png,train
13877,train,,train/train-org-img/13877.jpg,train/train-label-img/13877_lab.png,train
13878,train,,train/train-org-img/13878.jpg,train/train-label-img/13878_lab.png,train
13880,train,,train/train-org-img/13880.jpg,train/train-label-img/13880_lab.png,train
13881,train,,train/train-org-img/13881.jpg,train/train-label-img/13881_lab.png,train
13882,train,,train/train-org-img/13882.jpg,train/train-label-img/13882_lab.png,train
13883,train,,train/train-org-img/13883.jpg,train/train-label-img/13883_lab.png,train
13884,train,,train/train-org-img/13884.jpg,train/train-label-img/13884_lab.png,train
13885,train,,train/train-org-img/13885.jpg,train/train-label-img/13885_lab.png,train
13886,train,,train/train-org-img/13886.jpg,train/train-label-img/13886_lab.png,train
13888,train,,train/train-org-img/13888.jpg,train/train-label-img/13888_lab.png,train
13889,train,,train/train-org-img/13889.jpg,train/train-label-img/13889_lab.png,train
13890,train,,train/train-org-img/13890.jpg,train/train-label-img/13890_lab.png,train
13891,train,,train/train-org-img/13891.jpg,train/train-label-img/13891_lab.png,train
13892,train,,train/train-org-img/13892.jpg,train/train-label-img/13892_lab.png,train
13893,train,,train/train-org-img/13893.jpg,train/train-label-img/13893_lab.png,train
13894,train,,train/train-org-img/13894.jpg,train/train-label-img/13894_lab.png,train
13895,train,,train/train-org-img/13895.jpg,train/train-label-img/13895_lab.png,train
13896,train,,train/train-org-img/13896.jpg,train/train-label-img/13896_lab.png,train
13897,train,,train/train-org-img/13897.jpg,train/train-label-img/13897_lab.png,train
13898,train,,train/train-org-img/13898.jpg,train/train-label-img/13898_lab.png,train
13899,train,,train/train-org-img/13899.jpg,train/train-label-img/13899_lab.png,train
13901,train,,train/train-org-img/13901.jpg,train/train-label-img/13901_lab.png,train
13903,train,,train/train-org-img/13903.jpg,train/train-label-img/13903_lab.png,train
13904,train,,train/train-org-img/13904.jpg,train/train-label-img/13904_lab.png,train
13911,train,,train/train-org-img/13911.jpg,train/train-label-img/13911_lab.png,train
13912,train,,train/train-org-img/13912.jpg,train/train-label-img/13912_lab.png,train
13913,train,,train/train-org-img/13913.jpg,train/train-label-img/13913_lab.png,train
13914,train,,train/train-org-img/13914.jpg,train/train-label-img/13914_lab.png,train
13916,train,,train/train-org-img/13916.jpg,train/train-label-img/13916_lab.png,train
13917,train,,train/train-org-img/13917.jpg,train/train-label-img/13917_lab.png,train
13918,train,,train/train-org-img/13918.jpg,train/train-label-img/13918_lab.png,train
13919,train,,train/train-org-img/13919.jpg,train/train-label-img/13919_lab.png,train
13920,train,,train/train-org-img/13920.jpg,train/train-label-img/13920_lab.png,train
13921,train,,train/train-org-img/13921.jpg,train/train-label-img/13921_lab.png,train
13922,train,,train/train-org-img/13922.jpg,train/train-label-img/13922_lab.png,train
13923,train,,train/train-org-img/13923.jpg,train/train-label-img/13923_lab.png,train
13924,train,,train/train-org-img/13924.jpg,train/train-label-img/13924_lab.png,train
13927,train,,train/train-org-img/13927.jpg,train/train-label-img/13927_lab.png,train
13928,train,,train/train-org-img/13928.jpg,train/train-label-img/13928_lab.png,train
13929,train,,train/train-org-img/13929.jpg,train/train-label-img/13929_lab.png,train
13930,train,,train/train-org-img/13930.jpg,train/train-label-img/13930_lab.png,train
13932,train,,train/train-org-img/13932.jpg,train/train-label-img/13932_lab.png,train
13933,train,,train/train-org-img/13933.jpg,train/train-label-img/13933_lab.png,train
13934,train,,train/train-org-img/13934.jpg,train/train-label-img/13934_lab.png,train
13935,train,,train/train-org-img/13935.jpg,train/train-label-img/13935_lab.png,train
13937,train,,train/train-org-img/13937.jpg,train/train-label-img/13937_lab.png,train
13938,train,,train/train-org-img/13938.jpg,train/train-label-img/13938_lab.png,train
13939,train,,train/train-org-img/13939.jpg,train/train-label-img/13939_lab.png,train
13950,train,,train/train-org-img/13950.jpg,train/train-label-img/13950_lab.png,train
13957,train,,train/train-org-img/13957.jpg,train/train-label-img/13957_lab.png,train
13958,train,,train/train-org-img/13958.jpg,train/train-label-img/13958_lab.png,train
13959,train,,train/train-org-img/13959.jpg,train/train-label-img/13959_lab.png,train
13961,train,,train/train-org-img/13961.jpg,train/train-label-img/13961_lab.png,train
13962,train,,train/train-org-img/13962.jpg,train/train-label-img/13962_lab.png,train
13963,train,,train/train-org-img/13963.jpg,train/train-label-img/13963_lab.png,train
13965,train,,train/train-org-img/13965.jpg,train/train-label-img/13965_lab.png,train
13966,train,,train/train-org-img/13966.jpg,train/train-label-img/13966_lab.png,train
13967,train,,train/train-org-img/13967.jpg,train/train-label-img/13967_lab.png,train
13968,train,,train/train-org-img/13968.jpg,train/train-label-img/13968_lab.png,train
13969,train,,train/train-org-img/13969.jpg,train/train-label-img/13969_lab.png,train
13970,train,,train/train-org-img/13970.jpg,train/train-label-img/13970_lab.png,train
13971,train,,train/train-org-img/13971.jpg,train/train-label-img/13971_lab.png,train
13972,train,,train/train-org-img/13972.jpg,train/train-label-img/13972_lab.png,train
13973,train,,train/train-org-img/13973.jpg,train/train-label-img/13973_lab.png,train
13974,train,,train/train-org-img/13974.jpg,train/train-label-img/13974_lab.png,train
13977,train,,train/train-org-img/13977.jpg,train/train-label-img/13977_lab.png,train
13978,train,,train/train-org-img/13978.jpg,train/train-label-img/13978_lab.png,train
13979,train,,train/train-org-img/13979.jpg,train/train-label-img/13979_lab.png,train
13980,train,,train/train-org-img/13980.jpg,train/train-label-img/13980_lab.png,train
13981,train,,train/train-org-img/13981.jpg,train/train-label-img/13981_lab.png,train
13983,train,,train/train-org-img/13983.jpg,train/train-label-img/13983_lab.png,train
13984,train,,train/train-org-img/13984.jpg,train/train-label-img/13984_lab.png,train
13985,train,,train/train-org-img/13985.jpg,train/train-label-img/13985_lab.png,train
13986,train,,train/train-org-img/13986.jpg,train/train-label-img/13986_lab.png,train
13987,train,,train/train-org-img/13987.jpg,train/train-label-img/13987_lab.png,train
13988,train,,train/train-org-img/13988.jpg,train/train-label-img/13988_lab.png,train
13989,train,,train/train-org-img/13989.jpg,train/train-label-img/13989_lab.png,train
13990,train,,train/train-org-img/13990.jpg,train/train-label-img/13990_lab.png,train
13991,train,,train/train-org-img/13991.jpg,train/train-label-img/13991_lab.png,train
13993,train,,train/train-org-img/13993.jpg,train/train-label-img/13993_lab.png,train
13994,train,,train/train-org-img/13994.jpg,train/train-label-img/13994_lab.png,train
13995,train,,train/train-org-img/13995.jpg,train/train-label-img/13995_lab.png,train
13996,train,,train/train-org-img/13996.jpg,train/train-label-img/13996_lab.png,train
13997,train,,train/train-org-img/13997.jpg,train/train-label-img/13997_lab.png,train
13998,train,,train/train-org-img/13998.jpg,train/train-label-img/13998_lab.png,train
14000,train,,train/train-org-img/14000.jpg,train/train-label-img/14000_lab.png,train
14001,train,,train/train-org-img/14001.jpg,train/train-label-img/14001_lab.png,train
14002,train,,train/train-org-img/14002.jpg,train/train-label-img/14002_lab.png,train
14003,train,,train/train-org-img/14003.jpg,train/train-label-img/14003_lab.png,train
14004,train,,train/train-org-img/14004.jpg,train/train-label-img/14004_lab.png,train
14005,train,,train/train-org-img/14005.jpg,train/train-label-img/14005_lab.png,train
14006,train,,train/train-org-img/14006.jpg,train/train-label-img/14006_lab.png,train
14007,train,,train/train-org-img/14007.jpg,train/train-label-img/14007_lab.png,train
14008,train,,train/train-org-img/14008.jpg,train/train-label-img/14008_lab.png,train
14009,train,,train/train-org-img/14009.jpg,train/train-label-img/14009_lab.png,train
14011,train,,train/train-org-img/14011.jpg,train/train-label-img/14011_lab.png,train
14012,train,,train/train-org-img/14012.jpg,train/train-label-img/14012_lab.png,train
14013,train,,train/train-org-img/14013.jpg,train/train-label-img/14013_lab.png,train
14015,train,,train/train-org-img/14015.jpg,train/train-label-img/14015_lab.png,train
14016,train,,train/train-org-img/14016.jpg,train/train-label-img/14016_lab.png,train
14017,train,,train/train-org-img/14017.jpg,train/train-label-img/14017_lab.png,train
14018,train,,train/train-org-img/14018.jpg,train/train-label-img/14018_lab.png,train
14019,train,,train/train-org-img/14019.jpg,train/train-label-img/14019_lab.png,train
14020,train,,train/train-org-img/14020.jpg,train/train-label-img/14020_lab.png,train
14021,train,,train/train-org-img/14021.jpg,train/train-label-img/14021_lab.png,train
14022,train,,train/train-org-img/14022.jpg,train/train-label-img/14022_lab.png,train
14023,train,,train/train-org-img/14023.jpg,train/train-label-img/14023_lab.png,train
14026,train,,train/train-org-img/14026.jpg,train/train-label-img/14026_lab.png,train
14028,train,,train/train-org-img/14028.jpg,train/train-label-img/14028_lab.png,train
14029,train,,train/train-org-img/14029.jpg,train/train-label-img/14029_lab.png,train
14030,train,,train/train-org-img/14030.jpg,train/train-label-img/14030_lab.png,train
14032,train,,train/train-org-img/14032.jpg,train/train-label-img/14032_lab.png,train
14034,train,,train/train-org-img/14034.jpg,train/train-label-img/14034_lab.png,train
14038,train,,train/train-org-img/14038.jpg,train/train-label-img/14038_lab.png,train
14039,train,,train/train-org-img/14039.jpg,train/train-label-img/14039_lab.png,train
14040,train,,train/train-org-img/14040.jpg,train/train-label-img/14040_lab.png,train
14042,train,,train/train-org-img/14042.jpg,train/train-label-img/14042_lab.png,train
14044,train,,train/train-org-img/14044.jpg,train/train-label-img/14044_lab.png,train
14045,train,,train/train-org-img/14045.jpg,train/train-label-img/14045_lab.png,train
14050,train,,train/train-org-img/14050.jpg,train/train-label-img/14050_lab.png,train
14051,train,,train/train-org-img/14051.jpg,train/train-label-img/14051_lab.png,train
14052,train,,train/train-org-img/14052.jpg,train/train-label-img/14052_lab.png,train
14053,train,,train/train-org-img/14053.jpg,train/train-label-img/14053_lab.png,train
14054,train,,train/train-org-img/14054.jpg,train/train-label-img/14054_lab.png,train
14055,train,,train/train-org-img/14055.jpg,train/train-label-img/14055_lab.png,train
14056,train,,train/train-org-img/14056.jpg,train/train-label-img/14056_lab.png,train
14057,train,,train/train-org-img/14057.jpg,train/train-label-img/14057_lab.png,train
14060,train,,train/train-org-img/14060.jpg,train/train-label-img/14060_lab.png,train
14063,train,,train/train-org-img/14063.jpg,train/train-label-img/14063_lab.png,train
14065,train,,train/train-org-img/14065.jpg,train/train-label-img/14065_lab.png,train
14066,train,,train/train-org-img/14066.jpg,train/train-label-img/14066_lab.png,train
14068,train,,train/train-org-img/14068.jpg,train/train-label-img/14068_lab.png,train
14069,train,,train/train-org-img/14069.jpg,train/train-label-img/14069_lab.png,train
14070,train,,train/train-org-img/14070.jpg,train/train-label-img/14070_lab.png,train
14072,train,,train/train-org-img/14072.jpg,train/train-label-img/14072_lab.png,train
14073,train,,train/train-org-img/14073.jpg,train/train-label-img/14073_lab.png,train
14074,train,,train/train-org-img/14074.jpg,train/train-label-img/14074_lab.png,train
14075,train,,train/train-org-img/14075.jpg,train/train-label-img/14075_lab.png,train
14077,train,,train/train-org-img/14077.jpg,train/train-label-img/14077_lab.png,train
14079,train,,train/train-org-img/14079.jpg,train/train-label-img/14079_lab.png,train
14080,train,,train/train-org-img/14080.jpg,train/train-label-img/14080_lab.png,train
14081,train,,train/train-org-img/14081.jpg,train/train-label-img/14081_lab.png,train
14082,train,,train/train-org-img/14082.jpg,train/train-label-img/14082_lab.png,train
14084,train,,train/train-org-img/14084.jpg,train/train-label-img/14084_lab.png,train
14085,train,,train/train-org-img/14085.jpg,train/train-label-img/14085_lab.png,train
14086,train,,train/train-org-img/14086.jpg,train/train-label-img/14086_lab.png,train
14087,train,,train/train-org-img/14087.jpg,train/train-label-img/14087_lab.png,train
14088,train,,train/train-org-img/14088.jpg,train/train-label-img/14088_lab.png,train
14090,train,,train/train-org-img/14090.jpg,train/train-label-img/14090_lab.png,train
14091,train,,train/train-org-img/14091.jpg,train/train-label-img/14091_lab.png,train
14094,train,,train/train-org-img/14094.jpg,train/train-label-img/14094_lab.png,train
14095,train,,train/train-org-img/14095.jpg,train/train-label-img/14095_lab.png,train
14096,train,,train/train-org-img/14096.jpg,train/train-label-img/14096_lab.png,train
14099,train,,train/train-org-img/14099.jpg,train/train-label-img/14099_lab.png,train
14100,train,,train/train-org-img/14100.jpg,train/train-label-img/14100_lab.png,train
14101,train,,train/train-org-img/14101.jpg,train/train-label-img/14101_lab.png,train
14102,train,,train/train-org-img/14102.jpg,train/train-label-img/14102_lab.png,train
14103,train,,train/train-org-img/14103.jpg,train/train-label-img/14103_lab.png,train
14104,train,,train/train-org-img/14104.jpg,train/train-label-img/14104_lab.png,train
14107,train,,train/train-org-img/14107.jpg,train/train-label-img/14107_lab.png,train
14108,train,,train/train-org-img/14108.jpg,train/train-label-img/14108_lab.png,train
14116,train,,train/train-org-img/14116.jpg,train/train-label-img/14116_lab.png,train
14117,train,,train/train-org-img/14117.jpg,train/train-label-img/14117_lab.png,train
14118,train,,train/train-org-img/14118.jpg,train/train-label-img/14118_lab.png,train
14119,train,,train/train-org-img/14119.jpg,train/train-label-img/14119_lab.png,train
14120,train,,train/train-org-img/14120.jpg,train/train-label-img/14120_lab.png,train
14121,train,,train/train-org-img/14121.jpg,train/train-label-img/14121_lab.png,train
14122,train,,train/train-org-img/14122.jpg,train/train-label-img/14122_lab.png,train
14123,train,,train/train-org-img/14123.jpg,train/train-label-img/14123_lab.png,train
14124,train,,train/train-org-img/14124.jpg,train/train-label-img/14124_lab.png,train
14145,train,,train/train-org-img/14145.jpg,train/train-label-img/14145_lab.png,train
14146,train,,train/train-org-img/14146.jpg,train/train-label-img/14146_lab.png,train
14147,train,,train/train-org-img/14147.jpg,train/train-label-img/14147_lab.png,train
14148,train,,train/train-org-img/14148.jpg,train/train-label-img/14148_lab.png,train
14149,train,,train/train-org-img/14149.jpg,train/train-label-img/14149_lab.png,train
14150,train,,train/train-org-img/14150.jpg,train/train-label-img/14150_lab.png,train
14151,train,,train/train-org-img/14151.jpg,train/train-label-img/14151_lab.png,train
14152,train,,train/train-org-img/14152.jpg,train/train-label-img/14152_lab.png,train
14153,train,,train/train-org-img/14153.jpg,train/train-label-img/14153_lab.png,train
14155,train,,train/train-org-img/14155.jpg,train/train-label-img/14155_lab.png,train
14156,train,,train/train-org-img/14156.jpg,train/train-label-img/14156_lab.png,train
14157,train,,train/train-org-img/14157.jpg,train/train-label-img/14157_lab.png,train
14158,train,,train/train-org-img/14158.jpg,train/train-label-img/14158_lab.png,train
14159,train,,train/train-org-img/14159.jpg,train/train-label-img/14159_lab.png,train
14160,train,,train/train-org-img/14160.jpg,train/train-label-img/14160_lab.png,train
14161,train,,train/train-org-img/14161.jpg,train/train-label-img/14161_lab.png,train
14162,train,,train/train-org-img/14162.jpg,train/train-label-img/14162_lab.png,train
14165,train,,train/train-org-img/14165.jpg,train/train-label-img/14165_lab.png,train
14166,train,,train/train-org-img/14166.jpg,train/train-label-img/14166_lab.png,train
14171,train,,train/train-org-img/14171.jpg,train/train-label-img/14171_lab.png,train
14172,train,,train/train-org-img/14172.jpg,train/train-label-img/14172_lab.png,train
14174,train,,train/train-org-img/14174.jpg,train/train-label-img/14174_lab.png,train
14175,train,,train/train-org-img/14175.jpg,train/train-label-img/14175_lab.png,train
14176,train,,train/train-org-img/14176.jpg,train/train-label-img/14176_lab.png,train
14177,train,,train/train-org-img/14177.jpg,train/train-label-img/14177_lab.png,train
14178,train,,train/train-org-img/14178.jpg,train/train-label-img/14178_lab.png,train
14179,train,,train/train-org-img/14179.jpg,train/train-label-img/14179_lab.png,train
14180,train,,train/train-org-img/14180.jpg,train/train-label-img/14180_lab.png,train
14181,train,,train/train-org-img/14181.jpg,train/train-label-img/14181_lab.png,train
14182,train,,train/train-org-img/14182.jpg,train/train-label-img/14182_lab.png,train
14183,train,,train/train-org-img/14183.jpg,train/train-label-img/14183_lab.png,train
14184,train,,train/train-org-img/14184.jpg,train/train-label-img/14184_lab.png,train
14185,train,,train/train-org-img/14185.jpg,train/train-label-img/14185_lab.png,train
14186,train,,train/train-org-img/14186.jpg,train/train-label-img/14186_lab.png,train
14187,train,,train/train-org-img/14187.jpg,train/train-label-img/14187_lab.png,train
14188,train,,train/train-org-img/14188.jpg,train/train-label-img/14188_lab.png,train
14189,train,,train/train-org-img/14189.jpg,train/train-label-img/14189_lab.png,train
14190,train,,train/train-org-img/14190.jpg,train/train-label-img/14190_lab.png,train
14191,train,,train/train-org-img/14191.jpg,train/train-label-img/14191_lab.png,train
14192,train,,train/train-org-img/14192.jpg,train/train-label-img/14192_lab.png,train
14194,train,,train/train-org-img/14194.jpg,train/train-label-img/14194_lab.png,train
14195,train,,train/train-org-img/14195.jpg,train/train-label-img/14195_lab.png,train
14197,train,,train/train-org-img/14197.jpg,train/train-label-img/14197_lab.png,train
14198,train,,train/train-org-img/14198.jpg,train/train-label-img/14198_lab.png,train
14199,train,,train/train-org-img/14199.jpg,train/train-label-img/14199_lab.png,train
14200,train,,train/train-org-img/14200.jpg,train/train-label-img/14200_lab.png,train
14201,train,,train/train-org-img/14201.jpg,train/train-label-img/14201_lab.png,train
14202,train,,train/train-org-img/14202.jpg,train/train-label-img/14202_lab.png,train
14203,train,,train/train-org-img/14203.jpg,train/train-label-img/14203_lab.png,train
14204,train,,train/train-org-img/14204.jpg,train/train-label-img/14204_lab.png,train
14205,train,,train/train-org-img/14205.jpg,train/train-label-img/14205_lab.png,train
14206,train,,train/train-org-img/14206.jpg,train/train-label-img/14206_lab.png,train
14209,train,,train/train-org-img/14209.jpg,train/train-label-img/14209_lab.png,train
14210,train,,train/train-org-img/14210.jpg,train/train-label-img/14210_lab.png,train
14211,train,,train/train-org-img/14211.jpg,train/train-label-img/14211_lab.png,train
14212,train,,train/train-org-img/14212.jpg,train/train-label-img/14212_lab.png,train
14214,train,,train/train-org-img/14214.jpg,train/train-label-img/14214_lab.png,train
14215,train,,train/train-org-img/14215.jpg,train/train-label-img/14215_lab.png,train
14216,train,,train/train-org-img/14216.jpg,train/train-label-img/14216_lab.png,train
14217,train,,train/train-org-img/14217.jpg,train/train-label-img/14217_lab.png,train
14218,train,,train/train-org-img/14218.jpg,train/train-label-img/14218_lab.png,train
14219,train,,train/train-org-img/14219.jpg,train/train-label-img/14219_lab.png,train
14220,train,,train/train-org-img/14220.jpg,train/train-label-img/14220_lab.png,train
14221,train,,train/train-org-img/14221.jpg,train/train-label-img/14221_lab.png,train
14222,train,,train/train-org-img/14222.jpg,train/train-label-img/14222_lab.png,train
14223,train,,train/train-org-img/14223.jpg,train/train-label-img/14223_lab.png,train
14224,train,,train/train-org-img/14224.jpg,train/train-label-img/14224_lab.png,train
14226,train,,train/train-org-img/14226.jpg,train/train-label-img/14226_lab.png,train
14227,train,,train/train-org-img/14227.jpg,train/train-label-img/14227_lab.png,train
14229,train,,train/train-org-img/14229.jpg,train/train-label-img/14229_lab.png,train
14230,train,,train/train-org-img/14230.jpg,train/train-label-img/14230_lab.png,train
14231,train,,train/train-org-img/14231.jpg,train/train-label-img/14231_lab.png,train
14232,train,,train/train-org-img/14232.jpg,train/train-label-img/14232_lab.png,train
14233,train,,train/train-org-img/14233.jpg,train/train-label-img/14233_lab.png,train
14234,train,,train/train-org-img/14234.jpg,train/train-label-img/14234_lab.png,train
14235,train,,train/train-org-img/14235.jpg,train/train-label-img/14235_lab.png,train
14236,train,,train/train-org-img/14236.jpg,train/train-label-img/14236_lab.png,train
14239,train,,train/train-org-img/14239.jpg,train/train-label-img/14239_lab.png,train
14240,train,,train/train-org-img/14240.jpg,train/train-label-img/14240_lab.png,train
14241,train,,train/train-org-img/14241.jpg,train/train-label-img/14241_lab.png,train
14243,train,,train/train-org-img/14243.jpg,train/train-label-img/14243_lab.png,train
14244,train,,train/train-org-img/14244.jpg,train/train-label-img/14244_lab.png,train
14246,train,,train/train-org-img/14246.jpg,train/train-label-img/14246_lab.png,train
14247,train,,train/train-org-img/14247.jpg,train/train-label-img/14247_lab.png,train
14249,train,,train/train-org-img/14249.jpg,train/train-label-img/14249_lab.png,train
14250,train,,train/train-org-img/14250.jpg,train/train-label-img/14250_lab.png,train
14251,train,,train/train-org-img/14251.jpg,train/train-label-img/14251_lab.png,train
14252,train,,train/train-org-img/14252.jpg,train/train-label-img/14252_lab.png,train
14253,train,,train/train-org-img/14253.jpg,train/train-label-img/14253_lab.png,train
14254,train,,train/train-org-img/14254.jpg,train/train-label-img/14254_lab.png,train
14255,train,,train/train-org-img/14255.jpg,train/train-label-img/14255_lab.png,train
14256,train,,train/train-org-img/14256.jpg,train/train-label-img/14256_lab.png,train
14257,train,,train/train-org-img/14257.jpg,train/train-label-img/14257_lab.png,train
14258,train,,train/train-org-img/14258.jpg,train/train-label-img/14258_lab.png,train
14259,train,,train/train-org-img/14259.jpg,train/train-label-img/14259_lab.png,train
14260,train,,train/train-org-img/14260.jpg,train/train-label-img/14260_lab.png,train
14261,train,,train/train-org-img/14261.jpg,train/train-label-img/14261_lab.png,train
14262,train,,train/train-org-img/14262.jpg,train/train-label-img/14262_lab.png,train
14263,train,,train/train-org-img/14263.jpg,train/train-label-img/14263_lab.png,train
14264,train,,train/train-org-img/14264.jpg,train/train-label-img/14264_lab.png,train
14265,train,,train/train-org-img/14265.jpg,train/train-label-img/14265_lab.png,train
14266,train,,train/train-org-img/14266.jpg,train/train-label-img/14266_lab.png,train
14268,train,,train/train-org-img/14268.jpg,train/train-label-img/14268_lab.png,train
14270,train,,train/train-org-img/14270.jpg,train/train-label-img/14270_lab.png,train
14272,train,,train/train-org-img/14272.jpg,train/train-label-img/14272_lab.png,train
14274,train,,train/train-org-img/14274.jpg,train/train-label-img/14274_lab.png,train
14275,train,,train/train-org-img/14275.jpg,train/train-label-img/14275_lab.png,train
14277,train,,train/train-org-img/14277.jpg,train/train-label-img/14277_lab.png,train
14278,train,,train/train-org-img/14278.jpg,train/train-label-img/14278_lab.png,train
14280,train,,train/train-org-img/14280.jpg,train/train-label-img/14280_lab.png,train
14281,train,,train/train-org-img/14281.jpg,train/train-label-img/14281_lab.png,train
14282,train,,train/train-org-img/14282.jpg,train/train-label-img/14282_lab.png,train
14283,train,,train/train-org-img/14283.jpg,train/train-label-img/14283_lab.png,train
14284,train,,train/train-org-img/14284.jpg,train/train-label-img/14284_lab.png,train
14286,train,,train/train-org-img/14286.jpg,train/train-label-img/14286_lab.png,train
14287,train,,train/train-org-img/14287.jpg,train/train-label-img/14287_lab.png,train
14288,train,,train/train-org-img/14288.jpg,train/train-label-img/14288_lab.png,train
14289,train,,train/train-org-img/14289.jpg,train/train-label-img/14289_lab.png,train
14290,train,,train/train-org-img/14290.jpg,train/train-label-img/14290_lab.png,train
14291,train,,train/train-org-img/14291.jpg,train/train-label-img/14291_lab.png,train
14293,train,,train/train-org-img/14293.jpg,train/train-label-img/14293_lab.png,train
14294,train,,train/train-org-img/14294.jpg,train/train-label-img/14294_lab.png,train
14295,train,,train/train-org-img/14295.jpg,train/train-label-img/14295_lab.png,train
14296,train,,train/train-org-img/14296.jpg,train/train-label-img/14296_lab.png,train
14298,train,,train/train-org-img/14298.jpg,train/train-label-img/14298_lab.png,train
14299,train,,train/train-org-img/14299.jpg,train/train-label-img/14299_lab.png,train
14300,train,,train/train-org-img/14300.jpg,train/train-label-img/14300_lab.png,train
14301,train,,train/train-org-img/14301.jpg,train/train-label-img/14301_lab.png,train
14302,train,,train/train-org-img/14302.jpg,train/train-label-img/14302_lab.png,train
14303,train,,train/train-org-img/14303.jpg,train/train-label-img/14303_lab.png,train
14304,train,,train/train-org-img/14304.jpg,train/train-label-img/14304_lab.png,train
14308,train,,train/train-org-img/14308.jpg,train/train-label-img/14308_lab.png,train
14312,train,,train/train-org-img/14312.jpg,train/train-label-img/14312_lab.png,train
14315,train,,train/train-org-img/14315.jpg,train/train-label-img/14315_lab.png,train
14321,train,,train/train-org-img/14321.jpg,train/train-label-img/14321_lab.png,train
14323,train,,train/train-org-img/14323.jpg,train/train-label-img/14323_lab.png,train
14324,train,,train/train-org-img/14324.jpg,train/train-label-img/14324_lab.png,train
14327,train,,train/train-org-img/14327.jpg,train/train-label-img/14327_lab.png,train
14328,train,,train/train-org-img/14328.jpg,train/train-label-img/14328_lab.png,train
14329,train,,train/train-org-img/14329.jpg,train/train-label-img/14329_lab.png,train
14330,train,,train/train-org-img/14330.jpg,train/train-label-img/14330_lab.png,train
14331,train,,train/train-org-img/14331.jpg,train/train-label-img/14331_lab.png,train
14332,train,,train/train-org-img/14332.jpg,train/train-label-img/14332_lab.png,train
14333,train,,train/train-org-img/14333.jpg,train/train-label-img/14333_lab.png,train
14334,train,,train/train-org-img/14334.jpg,train/train-label-img/14334_lab.png,train
14335,train,,train/train-org-img/14335.jpg,train/train-label-img/14335_lab.png,train
14336,train,,train/train-org-img/14336.jpg,train/train-label-img/14336_lab.png,train
14338,train,,train/train-org-img/14338.jpg,train/train-label-img/14338_lab.png,train
14339,train,,train/train-org-img/14339.jpg,train/train-label-img/14339_lab.png,train
14340,train,,train/train-org-img/14340.jpg,train/train-label-img/14340_lab.png,train
14341,train,,train/train-org-img/14341.jpg,train/train-label-img/14341_lab.png,train
14343,train,,train/train-org-img/14343.jpg,train/train-label-img/14343_lab.png,train
14345,train,,train/train-org-img/14345.jpg,train/train-label-img/14345_lab.png,train
14346,train,,train/train-org-img/14346.jpg,train/train-label-img/14346_lab.png,train
14347,train,,train/train-org-img/14347.jpg,train/train-label-img/14347_lab.png,train
14348,train,,train/train-org-img/14348.jpg,train/train-label-img/14348_lab.png,train
14349,train,,train/train-org-img/14349.jpg,train/train-label-img/14349_lab.png,train
14350,train,,train/train-org-img/14350.jpg,train/train-label-img/14350_lab.png,train
14351,train,,train/train-org-img/14351.jpg,train/train-label-img/14351_lab.png,train
14352,train,,train/train-org-img/14352.jpg,train/train-label-img/14352_lab.png,train
14353,train,,train/train-org-img/14353.jpg,train/train-label-img/14353_lab.png,train
14354,train,,train/train-org-img/14354.jpg,train/train-label-img/14354_lab.png,train
14355,train,,train/train-org-img/14355.jpg,train/train-label-img/14355_lab.png,train
14356,train,,train/train-org-img/14356.jpg,train/train-label-img/14356_lab.png,train
14357,train,,train/train-org-img/14357.jpg,train/train-label-img/14357_lab.png,train
14358,train,,train/train-org-img/14358.jpg,train/train-label-img/14358_lab.png,train
14359,train,,train/train-org-img/14359.jpg,train/train-label-img/14359_lab.png,train
14360,train,,train/train-org-img/14360.jpg,train/train-label-img/14360_lab.png,train
14361,train,,train/train-org-img/14361.jpg,train/train-label-img/14361_lab.png,train
14362,train,,train/train-org-img/14362.jpg,train/train-label-img/14362_lab.png,train
14363,train,,train/train-org-img/14363.jpg,train/train-label-img/14363_lab.png,train
14364,train,,train/train-org-img/14364.jpg,train/train-label-img/14364_lab.png,train
14365,train,,train/train-org-img/14365.jpg,train/train-label-img/14365_lab.png,train
14366,train,,train/train-org-img/14366.jpg,train/train-label-img/14366_lab.png,train
14367,train,,train/train-org-img/14367.jpg,train/train-label-img/14367_lab.png,train
14368,train,,train/train-org-img/14368.jpg,train/train-label-img/14368_lab.png,train
14369,train,,train/train-org-img/14369.jpg,train/train-label-img/14369_lab.png,train
14371,train,,train/train-org-img/14371.jpg,train/train-label-img/14371_lab.png,train
14372,train,,train/train-org-img/14372.jpg,train/train-label-img/14372_lab.png,train
14374,train,,train/train-org-img/14374.jpg,train/train-label-img/14374_lab.png,train
14375,train,,train/train-org-img/14375.jpg,train/train-label-img/14375_lab.png,train
14377,train,,train/train-org-img/14377.jpg,train/train-label-img/14377_lab.png,train
14378,train,,train/train-org-img/14378.jpg,train/train-label-img/14378_lab.png,train
14379,train,,train/train-org-img/14379.jpg,train/train-label-img/14379_lab.png,train
14380,train,,train/train-org-img/14380.jpg,train/train-label-img/14380_lab.png,train
14381,train,,train/train-org-img/14381.jpg,train/train-label-img/14381_lab.png,train
14382,train,,train/train-org-img/14382.jpg,train/train-label-img/14382_lab.png,train
14383,train,,train/train-org-img/14383.jpg,train/train-label-img/14383_lab.png,train
14384,train,,train/train-org-img/14384.jpg,train/train-label-img/14384_lab.png,train
14385,train,,train/train-org-img/14385.jpg,train/train-label-img/14385_lab.png,train
14386,train,,train/train-org-img/14386.jpg,train/train-label-img/14386_lab.png,train
14391,train,,train/train-org-img/14391.jpg,train/train-label-img/14391_lab.png,train
14392,train,,train/train-org-img/14392.jpg,train/train-label-img/14392_lab.png,train
14400,train,,train/train-org-img/14400.jpg,train/train-label-img/14400_lab.png,train
14405,train,,train/train-org-img/14405.jpg,train/train-label-img/14405_lab.png,train
14406,train,,train/train-org-img/14406.jpg,train/train-label-img/14406_lab.png,train
14422,train,,train/train-org-img/14422.jpg,train/train-label-img/14422_lab.png,train
14424,train,,train/train-org-img/14424.jpg,train/train-label-img/14424_lab.png,train
14426,train,,train/train-org-img/14426.jpg,train/train-label-img/14426_lab.png,train
14427,train,,train/train-org-img/14427.jpg,train/train-label-img/14427_lab.png,train
14429,train,,train/train-org-img/14429.jpg,train/train-label-img/14429_lab.png,train
14430,train,,train/train-org-img/14430.jpg,train/train-label-img/14430_lab.png,train
14431,train,,train/train-org-img/14431.jpg,train/train-label-img/14431_lab.png,train
14433,train,,train/train-org-img/14433.jpg,train/train-label-img/14433_lab.png,train
14434,train,,train/train-org-img/14434.jpg,train/train-label-img/14434_lab.png,train
14448,train,,train/train-org-img/14448.jpg,train/train-label-img/14448_lab.png,train
14449,train,,train/train-org-img/14449.jpg,train/train-label-img/14449_lab.png,train
14450,train,,train/train-org-img/14450.jpg,train/train-label-img/14450_lab.png,train
14451,train,,train/train-org-img/14451.jpg,train/train-label-img/14451_lab.png,train
14452,train,,train/train-org-img/14452.jpg,train/train-label-img/14452_lab.png,train
14453,train,,train/train-org-img/14453.jpg,train/train-label-img/14453_lab.png,train
14516,train,,train/train-org-img/14516.jpg,train/train-label-img/14516_lab.png,train
14517,train,,train/train-org-img/14517.jpg,train/train-label-img/14517_lab.png,train
14519,train,,train/train-org-img/14519.jpg,train/train-label-img/14519_lab.png,train
14520,train,,train/train-org-img/14520.jpg,train/train-label-img/14520_lab.png,train
14521,train,,train/train-org-img/14521.jpg,train/train-label-img/14521_lab.png,train
14523,train,,train/train-org-img/14523.jpg,train/train-label-img/14523_lab.png,train
14526,train,,train/train-org-img/14526.jpg,train/train-label-img/14526_lab.png,train
14527,train,,train/train-org-img/14527.jpg,train/train-label-img/14527_lab.png,train
14528,train,,train/train-org-img/14528.jpg,train/train-label-img/14528_lab.png,train
14529,train,,train/train-org-img/14529.jpg,train/train-label-img/14529_lab.png,train
14530,train,,train/train-org-img/14530.jpg,train/train-label-img/14530_lab.png,train
14531,train,,train/train-org-img/14531.jpg,train/train-label-img/14531_lab.png,train
14532,train,,train/train-org-img/14532.jpg,train/train-label-img/14532_lab.png,train
14539,train,,train/train-org-img/14539.jpg,train/train-label-img/14539_lab.png,train
14542,train,,train/train-org-img/14542.jpg,train/train-label-img/14542_lab.png,train
14543,train,,train/train-org-img/14543.jpg,train/train-label-img/14543_lab.png,train
14544,train,,train/train-org-img/14544.jpg,train/train-label-img/14544_lab.png,train
14545,train,,train/train-org-img/14545.jpg,train/train-label-img/14545_lab.png,train
14550,train,,train/train-org-img/14550.jpg,train/train-label-img/14550_lab.png,train
14551,train,,train/train-org-img/14551.jpg,train/train-label-img/14551_lab.png,train
14553,train,,train/train-org-img/14553.jpg,train/train-label-img/14553_lab.png,train
14554,train,,train/train-org-img/14554.jpg,train/train-label-img/14554_lab.png,train
14555,train,,train/train-org-img/14555.jpg,train/train-label-img/14555_lab.png,train
14556,train,,train/train-org-img/14556.jpg,train/train-label-img/14556_lab.png,train
14584,train,,train/train-org-img/14584.jpg,train/train-label-img/14584_lab.png,train
14585,train,,train/train-org-img/14585.jpg,train/train-label-img/14585_lab.png,train
14586,train,,train/train-org-img/14586.jpg,train/train-label-img/14586_lab.png,train
14593,train,,train/train-org-img/14593.jpg,train/train-label-img/14593_lab.png,train
14594,train,,train/train-org-img/14594.jpg,train/train-label-img/14594_lab.png,train
14595,train,,train/train-org-img/14595.jpg,train/train-label-img/14595_lab.png,train
14630,train,,train/train-org-img/14630.jpg,train/train-label-img/14630_lab.png,train
14631,train,,train/train-org-img/14631.jpg,train/train-label-img/14631_lab.png,train
14634,train,,train/train-org-img/14634.jpg,train/train-label-img/14634_lab.png,train
14658,train,,train/train-org-img/14658.jpg,train/train-label-img/14658_lab.png,train
14660,train,,train/train-org-img/14660.jpg,train/train-label-img/14660_lab.png,train
14662,train,,train/train-org-img/14662.jpg,train/train-label-img/14662_lab.png,train
14663,train,,train/train-org-img/14663.jpg,train/train-label-img/14663_lab.png,train
14664,train,,train/train-org-img/14664.jpg,train/train-label-img/14664_lab.png,train
14665,train,,train/train-org-img/14665.jpg,train/train-label-img/14665_lab.png,train
14666,train,,train/train-org-img/14666.jpg,train/train-label-img/14666_lab.png,train
14667,train,,train/train-org-img/14667.jpg,train/train-label-img/14667_lab.png,train
14668,train,,train/train-org-img/14668.jpg,train/train-label-img/14668_lab.png,train
14669,train,,train/train-org-img/14669.jpg,train/train-label-img/14669_lab.png,train
14692,train,,train/train-org-img/14692.jpg,train/train-label-img/14692_lab.png,train
14693,train,,train/train-org-img/14693.jpg,train/train-label-img/14693_lab.png,train
14694,train,,train/train-org-img/14694.jpg,train/train-label-img/14694_lab.png,train
14695,train,,train/train-org-img/14695.jpg,train/train-label-img/14695_lab.png,train
14697,train,,train/train-org-img/14697.jpg,train/train-label-img/14697_lab.png,train
14698,train,,train/train-org-img/14698.jpg,train/train-label-img/14698_lab.png,train
14699,train,,train/train-org-img/14699.jpg,train/train-label-img/14699_lab.png,train
14700,train,,train/train-org-img/14700.jpg,train/train-label-img/14700_lab.png,train
14701,train,,train/train-org-img/14701.jpg,train/train-label-img/14701_lab.png,train
14702,train,,train/train-org-img/14702.jpg,train/train-label-img/14702_lab.png,train
14703,train,,train/train-org-img/14703.jpg,train/train-label-img/14703_lab.png,train
14704,train,,train/train-org-img/14704.jpg,train/train-label-img/14704_lab.png,train
14706,train,,train/train-org-img/14706.jpg,train/train-label-img/14706_lab.png,train
14707,train,,train/train-org-img/14707.jpg,train/train-label-img/14707_lab.png,train
14708,train,,train/train-org-img/14708.jpg,train/train-label-img/14708_lab.png,train
14709,train,,train/train-org-img/14709.jpg,train/train-label-img/14709_lab.png,train
14710,train,,train/train-org-img/14710.jpg,train/train-label-img/14710_lab.png,train
14711,train,,train/train-org-img/14711.jpg,train/train-label-img/14711_lab.png,train
14713,train,,train/train-org-img/14713.jpg,train/train-label-img/14713_lab.png,train
14714,train,,train/train-org-img/14714.jpg,train/train-label-img/14714_lab.png,train
14715,train,,train/train-org-img/14715.jpg,train/train-label-img/14715_lab.png,train
14717,train,,train/train-org-img/14717.jpg,train/train-label-img/14717_lab.png,train
14718,train,,train/train-org-img/14718.jpg,train/train-label-img/14718_lab.png,train
14719,train,,train/train-org-img/14719.jpg,train/train-label-img/14719_lab.png,train
14720,train,,train/train-org-img/14720.jpg,train/train-label-img/14720_lab.png,train
14721,train,,train/train-org-img/14721.jpg,train/train-label-img/14721_lab.png,train
14722,train,,train/train-org-img/14722.jpg,train/train-label-img/14722_lab.png,train
14723,train,,train/train-org-img/14723.jpg,train/train-label-img/14723_lab.png,train
14724,train,,train/train-org-img/14724.jpg,train/train-label-img/14724_lab.png,train
14725,train,,train/train-org-img/14725.jpg,train/train-label-img/14725_lab.png,train
14726,train,,train/train-org-img/14726.jpg,train/train-label-img/14726_lab.png,train
14727,train,,train/train-org-img/14727.jpg,train/train-label-img/14727_lab.png,train
14728,train,,train/train-org-img/14728.jpg,train/train-label-img/14728_lab.png,train
14729,train,,train/train-org-img/14729.jpg,train/train-label-img/14729_lab.png,train
14730,train,,train/train-org-img/14730.jpg,train/train-label-img/14730_lab.png,train
14731,train,,train/train-org-img/14731.jpg,train/train-label-img/14731_lab.png,train
14732,train,,train/train-org-img/14732.jpg,train/train-label-img/14732_lab.png,train
14733,train,,train/train-org-img/14733.jpg,train/train-label-img/14733_lab.png,train
14734,train,,train/train-org-img/14734.jpg,train/train-label-img/14734_lab.png,train
14735,train,,train/train-org-img/14735.jpg,train/train-label-img/14735_lab.png,train
14736,train,,train/train-org-img/14736.jpg,train/train-label-img/14736_lab.png,train
14738,train,,train/train-org-img/14738.jpg,train/train-label-img/14738_lab.png,train
14739,train,,train/train-org-img/14739.jpg,train/train-label-img/14739_lab.png,train
14740,train,,train/train-org-img/14740.jpg,train/train-label-img/14740_lab.png,train
14741,train,,train/train-org-img/14741.jpg,train/train-label-img/14741_lab.png,train
14742,train,,train/train-org-img/14742.jpg,train/train-label-img/14742_lab.png,train
14743,train,,train/train-org-img/14743.jpg,train/train-label-img/14743_lab.png,train
14745,train,,train/train-org-img/14745.jpg,train/train-label-img/14745_lab.png,train
14746,train,,train/train-org-img/14746.jpg,train/train-label-img/14746_lab.png,train
14748,train,,train/train-org-img/14748.jpg,train/train-label-img/14748_lab.png,train
14751,train,,train/train-org-img/14751.jpg,train/train-label-img/14751_lab.png,train
14752,train,,train/train-org-img/14752.jpg,train/train-label-img/14752_lab.png,train
14753,train,,train/train-org-img/14753.jpg,train/train-label-img/14753_lab.png,train
14754,train,,train/train-org-img/14754.jpg,train/train-label-img/14754_lab.png,train
14755,train,,train/train-org-img/14755.jpg,train/train-label-img/14755_lab.png,train
14756,train,,train/train-org-img/14756.jpg,train/train-label-img/14756_lab.png,train
14757,train,,train/train-org-img/14757.jpg,train/train-label-img/14757_lab.png,train
14759,train,,train/train-org-img/14759.jpg,train/train-label-img/14759_lab.png,train
14760,train,,train/train-org-img/14760.jpg,train/train-label-img/14760_lab.png,train
14762,train,,train/train-org-img/14762.jpg,train/train-label-img/14762_lab.png,train
14764,train,,train/train-org-img/14764.jpg,train/train-label-img/14764_lab.png,train
14765,train,,train/train-org-img/14765.jpg,train/train-label-img/14765_lab.png,train
14766,train,,train/train-org-img/14766.jpg,train/train-label-img/14766_lab.png,train
14767,train,,train/train-org-img/14767.jpg,train/train-label-img/14767_lab.png,train
14770,train,,train/train-org-img/14770.jpg,train/train-label-img/14770_lab.png,train
14771,train,,train/train-org-img/14771.jpg,train/train-label-img/14771_lab.png,train
14772,train,,train/train-org-img/14772.jpg,train/train-label-img/14772_lab.png,train
14774,train,,train/train-org-img/14774.jpg,train/train-label-img/14774_lab.png,train
14775,train,,train/train-org-img/14775.jpg,train/train-label-img/14775_lab.png,train
14776,train,,train/train-org-img/14776.jpg,train/train-label-img/14776_lab.png,train
14778,train,,train/train-org-img/14778.jpg,train/train-label-img/14778_lab.png,train
14779,train,,train/train-org-img/14779.jpg,train/train-label-img/14779_lab.png,train
14780,train,,train/train-org-img/14780.jpg,train/train-label-img/14780_lab.png,train
14781,train,,train/train-org-img/14781.jpg,train/train-label-img/14781_lab.png,train
14782,train,,train/train-org-img/14782.jpg,train/train-label-img/14782_lab.png,train
14783,train,,train/train-org-img/14783.jpg,train/train-label-img/14783_lab.png,train
14784,train,,train/train-org-img/14784.jpg,train/train-label-img/14784_lab.png,train
14785,train,,train/train-org-img/14785.jpg,train/train-label-img/14785_lab.png,train
14787,train,,train/train-org-img/14787.jpg,train/train-label-img/14787_lab.png,train
14788,train,,train/train-org-img/14788.jpg,train/train-label-img/14788_lab.png,train
14789,train,,train/train-org-img/14789.jpg,train/train-label-img/14789_lab.png,train
14790,train,,train/train-org-img/14790.jpg,train/train-label-img/14790_lab.png,train
14791,train,,train/train-org-img/14791.jpg,train/train-label-img/14791_lab.png,train
14792,train,,train/train-org-img/14792.jpg,train/train-label-img/14792_lab.png,train
14793,train,,train/train-org-img/14793.jpg,train/train-label-img/14793_lab.png,train
14794,train,,train/train-org-img/14794.jpg,train/train-label-img/14794_lab.png,train
14795,train,,train/train-org-img/14795.jpg,train/train-label-img/14795_lab.png,train
14796,train,,train/train-org-img/14796.jpg,train/train-label-img/14796_lab.png,train
14797,train,,train/train-org-img/14797.jpg,train/train-label-img/14797_lab.png,train
14798,train,,train/train-org-img/14798.jpg,train/train-label-img/14798_lab.png,train
14799,train,,train/train-org-img/14799.jpg,train/train-label-img/14799_lab.png,train
14801,train,,train/train-org-img/14801.jpg,train/train-label-img/14801_lab.png,train
14803,train,,train/train-org-img/14803.jpg,train/train-label-img/14803_lab.png,train
14804,train,,train/train-org-img/14804.jpg,train/train-label-img/14804_lab.png,train
14805,train,,train/train-org-img/14805.jpg,train/train-label-img/14805_lab.png,train
14806,train,,train/train-org-img/14806.jpg,train/train-label-img/14806_lab.png,train
14807,train,,train/train-org-img/14807.jpg,train/train-label-img/14807_lab.png,train
14808,train,,train/train-org-img/14808.jpg,train/train-label-img/14808_lab.png,train
14809,train,,train/train-org-img/14809.jpg,train/train-label-img/14809_lab.png,train
14810,train,,train/train-org-img/14810.jpg,train/train-label-img/14810_lab.png,train
14812,train,,train/train-org-img/14812.jpg,train/train-label-img/14812_lab.png,train
14814,train,,train/train-org-img/14814.jpg,train/train-label-img/14814_lab.png,train
14815,train,,train/train-org-img/14815.jpg,train/train-label-img/14815_lab.png,train
14817,train,,train/train-org-img/14817.jpg,train/train-label-img/14817_lab.png,train
14818,train,,train/train-org-img/14818.jpg,train/train-label-img/14818_lab.png,train
14819,train,,train/train-org-img/14819.jpg,train/train-label-img/14819_lab.png,train
14820,train,,train/train-org-img/14820.jpg,train/train-label-img/14820_lab.png,train
14821,train,,train/train-org-img/14821.jpg,train/train-label-img/14821_lab.png,train
14823,train,,train/train-org-img/14823.jpg,train/train-label-img/14823_lab.png,train
14825,train,,train/train-org-img/14825.jpg,train/train-label-img/14825_lab.png,train
14826,train,,train/train-org-img/14826.jpg,train/train-label-img/14826_lab.png,train
14827,train,,train/train-org-img/14827.jpg,train/train-label-img/14827_lab.png,train
14828,train,,train/train-org-img/14828.jpg,train/train-label-img/14828_lab.png,train
14830,train,,train/train-org-img/14830.jpg,train/train-label-img/14830_lab.png,train
14831,train,,train/train-org-img/14831.jpg,train/train-label-img/14831_lab.png,train
14832,train,,train/train-org-img/14832.jpg,train/train-label-img/14832_lab.png,train
14833,train,,train/train-org-img/14833.jpg,train/train-label-img/14833_lab.png,train
14834,train,,train/train-org-img/14834.jpg,train/train-label-img/14834_lab.png,train
14835,train,,train/train-org-img/14835.jpg,train/train-label-img/14835_lab.png,train
14836,train,,train/train-org-img/14836.jpg,train/train-label-img/14836_lab.png,train
14837,train,,train/train-org-img/14837.jpg,train/train-label-img/14837_lab.png,train
14838,train,,train/train-org-img/14838.jpg,train/train-label-img/14838_lab.png,train
14839,train,,train/train-org-img/14839.jpg,train/train-label-img/14839_lab.png,train
14840,train,,train/train-org-img/14840.jpg,train/train-label-img/14840_lab.png,train
14841,train,,train/train-org-img/14841.jpg,train/train-label-img/14841_lab.png,train
14842,train,,train/train-org-img/14842.jpg,train/train-label-img/14842_lab.png,train
14843,train,,train/train-org-img/14843.jpg,train/train-label-img/14843_lab.png,train
14844,train,,train/train-org-img/14844.jpg,train/train-label-img/14844_lab.png,train
14845,train,,train/train-org-img/14845.jpg,train/train-label-img/14845_lab.png,train
14847,train,,train/train-org-img/14847.jpg,train/train-label-img/14847_lab.png,train
14848,train,,train/train-org-img/14848.jpg,train/train-label-img/14848_lab.png,train
14850,train,,train/train-org-img/14850.jpg,train/train-label-img/14850_lab.png,train
14851,train,,train/train-org-img/14851.jpg,train/train-label-img/14851_lab.png,train
14854,train,,train/train-org-img/14854.jpg,train/train-label-img/14854_lab.png,train
14855,train,,train/train-org-img/14855.jpg,train/train-label-img/14855_lab.png,train
14856,train,,train/train-org-img/14856.jpg,train/train-label-img/14856_lab.png,train
14857,train,,train/train-org-img/14857.jpg,train/train-label-img/14857_lab.png,train
14858,train,,train/train-org-img/14858.jpg,train/train-label-img/14858_lab.png,train
14859,train,,train/train-org-img/14859.jpg,train/train-label-img/14859_lab.png,train
14860,train,,train/train-org-img/14860.jpg,train/train-label-img/14860_lab.png,train
14861,train,,train/train-org-img/14861.jpg,train/train-label-img/14861_lab.png,train
14862,train,,train/train-org-img/14862.jpg,train/train-label-img/14862_lab.png,train
14864,train,,train/train-org-img/14864.jpg,train/train-label-img/14864_lab.png,train
14865,train,,train/train-org-img/14865.jpg,train/train-label-img/14865_lab.png,train
14866,train,,train/train-org-img/14866.jpg,train/train-label-img/14866_lab.png,train
14867,train,,train/train-org-img/14867.jpg,train/train-label-img/14867_lab.png,train
14868,train,,train/train-org-img/14868.jpg,train/train-label-img/14868_lab.png,train
14869,train,,train/train-org-img/14869.jpg,train/train-label-img/14869_lab.png,train
14870,train,,train/train-org-img/14870.jpg,train/train-label-img/14870_lab.png,train
14871,train,,train/train-org-img/14871.jpg,train/train-label-img/14871_lab.png,train
14872,train,,train/train-org-img/14872.jpg,train/train-label-img/14872_lab.png,train
14874,train,,train/train-org-img/14874.jpg,train/train-label-img/14874_lab.png,train
14875,train,,train/train-org-img/14875.jpg,train/train-label-img/14875_lab.png,train
14878,train,,train/train-org-img/14878.jpg,train/train-label-img/14878_lab.png,train
14880,train,,train/train-org-img/14880.jpg,train/train-label-img/14880_lab.png,train
14883,train,,train/train-org-img/14883.jpg,train/train-label-img/14883_lab.png,train
14884,train,,train/train-org-img/14884.jpg,train/train-label-img/14884_lab.png,train
14885,train,,train/train-org-img/14885.jpg,train/train-label-img/14885_lab.png,train
14886,train,,train/train-org-img/14886.jpg,train/train-label-img/14886_lab.png,train
14887,train,,train/train-org-img/14887.jpg,train/train-label-img/14887_lab.png,train
14888,train,,train/train-org-img/14888.jpg,train/train-label-img/14888_lab.png,train
14889,train,,train/train-org-img/14889.jpg,train/train-label-img/14889_lab.png,train
14890,train,,train/train-org-img/14890.jpg,train/train-label-img/14890_lab.png,train
14891,train,,train/train-org-img/14891.jpg,train/train-label-img/14891_lab.png,train
14892,train,,train/train-org-img/14892.jpg,train/train-label-img/14892_lab.png,train
14893,train,,train/train-org-img/14893.jpg,train/train-label-img/14893_lab.png,train
14894,train,,train/train-org-img/14894.jpg,train/train-label-img/14894_lab.png,train
14895,train,,train/train-org-img/14895.jpg,train/train-label-img/14895_lab.png,train
14896,train,,train/train-org-img/14896.jpg,train/train-label-img/14896_lab.png,train
14897,train,,train/train-org-img/14897.jpg,train/train-label-img/14897_lab.png,train
14899,train,,train/train-org-img/14899.jpg,train/train-label-img/14899_lab.png,train
14901,train,,train/train-org-img/14901.jpg,train/train-label-img/14901_lab.png,train
14902,train,,train/train-org-img/14902.jpg,train/train-label-img/14902_lab.png,train
14903,train,,train/train-org-img/14903.jpg,train/train-label-img/14903_lab.png,train
14904,train,,train/train-org-img/14904.jpg,train/train-label-img/14904_lab.png,train
14905,train,,train/train-org-img/14905.jpg,train/train-label-img/14905_lab.png,train
14906,train,,train/train-org-img/14906.jpg,train/train-label-img/14906_lab.png,train
14907,train,,train/train-org-img/14907.jpg,train/train-label-img/14907_lab.png,train
14908,train,,train/train-org-img/14908.jpg,train/train-label-img/14908_lab.png,train
14909,train,,train/train-org-img/14909.jpg,train/train-label-img/14909_lab.png,train
14910,train,,train/train-org-img/14910.jpg,train/train-label-img/14910_lab.png,train
14912,train,,train/train-org-img/14912.jpg,train/train-label-img/14912_lab.png,train
14913,train,,train/train-org-img/14913.jpg,train/train-label-img/14913_lab.png,train
14914,train,,train/train-org-img/14914.jpg,train/train-label-img/14914_lab.png,train
14916,train,,train/train-org-img/14916.jpg,train/train-label-img/14916_lab.png,train
14917,train,,train/train-org-img/14917.jpg,train/train-label-img/14917_lab.png,train
14918,train,,train/train-org-img/14918.jpg,train/train-label-img/14918_lab.png,train
14920,train,,train/train-org-img/14920.jpg,train/train-label-img/14920_lab.png,train
14921,train,,train/train-org-img/14921.jpg,train/train-label-img/14921_lab.png,train
14923,train,,train/train-org-img/14923.jpg,train/train-label-img/14923_lab.png,train
14924,train,,train/train-org-img/14924.jpg,train/train-label-img/14924_lab.png,train
14925,train,,train/train-org-img/14925.jpg,train/train-label-img/14925_lab.png,train
14927,train,,train/train-org-img/14927.jpg,train/train-label-img/14927_lab.png,train
14928,train,,train/train-org-img/14928.jpg,train/train-label-img/14928_lab.png,train
14929,train,,train/train-org-img/14929.jpg,train/train-label-img/14929_lab.png,train
14930,train,,train/train-org-img/14930.jpg,train/train-label-img/14930_lab.png,train
14931,train,,train/train-org-img/14931.jpg,train/train-label-img/14931_lab.png,train
14933,train,,train/train-org-img/14933.jpg,train/train-label-img/14933_lab.png,train
14934,train,,train/train-org-img/14934.jpg,train/train-label-img/14934_lab.png,train
14936,train,,train/train-org-img/14936.jpg,train/train-label-img/14936_lab.png,train
14937,train,,train/train-org-img/14937.jpg,train/train-label-img/14937_lab.png,train
14938,train,,train/train-org-img/14938.jpg,train/train-label-img/14938_lab.png,train
14940,train,,train/train-org-img/14940.jpg,train/train-label-img/14940_lab.png,train
14941,train,,train/train-org-img/14941.jpg,train/train-label-img/14941_lab.png,train
14942,train,,train/train-org-img/14942.jpg,train/train-label-img/14942_lab.png,train
14943,train,,train/train-org-img/14943.jpg,train/train-label-img/14943_lab.png,train
14944,train,,train/train-org-img/14944.jpg,train/train-label-img/14944_lab.png,train
14946,train,,train/train-org-img/14946.jpg,train/train-label-img/14946_lab.png,train
14947,train,,train/train-org-img/14947.jpg,train/train-label-img/14947_lab.png,train
14948,train,,train/train-org-img/14948.jpg,train/train-label-img/14948_lab.png,train
14949,train,,train/train-org-img/14949.jpg,train/train-label-img/14949_lab.png,train
14950,train,,train/train-org-img/14950.jpg,train/train-label-img/14950_lab.png,train
14951,train,,train/train-org-img/14951.jpg,train/train-label-img/14951_lab.png,train
14952,train,,train/train-org-img/14952.jpg,train/train-label-img/14952_lab.png,train
14953,train,,train/train-org-img/14953.jpg,train/train-label-img/14953_lab.png,train
14954,train,,train/train-org-img/14954.jpg,train/train-label-img/14954_lab.png,train
14955,train,,train/train-org-img/14955.jpg,train/train-label-img/14955_lab.png,train
14956,train,,train/train-org-img/14956.jpg,train/train-label-img/14956_lab.png,train
14957,train,,train/train-org-img/14957.jpg,train/train-label-img/14957_lab.png,train
14958,train,,train/train-org-img/14958.jpg,train/train-label-img/14958_lab.png,train
14959,train,,train/train-org-img/14959.jpg,train/train-label-img/14959_lab.png,train
14961,train,,train/train-org-img/14961.jpg,train/train-label-img/14961_lab.png,train
14962,train,,train/train-org-img/14962.jpg,train/train-label-img/14962_lab.png,train
14963,train,,train/train-org-img/14963.jpg,train/train-label-img/14963_lab.png,train
14964,train,,train/train-org-img/14964.jpg,train/train-label-img/14964_lab.png,train
14965,train,,train/train-org-img/14965.jpg,train/train-label-img/14965_lab.png,train
14966,train,,train/train-org-img/14966.jpg,train/train-label-img/14966_lab.png,train
14967,train,,train/train-org-img/14967.jpg,train/train-label-img/14967_lab.png,train
14968,train,,train/train-org-img/14968.jpg,train/train-label-img/14968_lab.png,train
14969,train,,train/train-org-img/14969.jpg,train/train-label-img/14969_lab.png,train
14994,train,,train/train-org-img/14994.jpg,train/train-label-img/14994_lab.png,train
14995,train,,train/train-org-img/14995.jpg,train/train-label-img/14995_lab.png,train
14998,train,,train/train-org-img/14998.jpg,train/train-label-img/14998_lab.png,train
14999,train,,train/train-org-img/14999.jpg,train/train-label-img/14999_lab.png,train
15000,train,,train/train-org-img/15000.jpg,train/train-label-img/15000_lab.png,train
15001,train,,train/train-org-img/15001.jpg,train/train-label-img/15001_lab.png,train
15002,train,,train/train-org-img/15002.jpg,train/train-label-img/15002_lab.png,train
15003,train,,train/train-org-img/15003.jpg,train/train-label-img/15003_lab.png,train
15004,train,,train/train-org-img/15004.jpg,train/train-label-img/15004_lab.png,train
15006,train,,train/train-org-img/15006.jpg,train/train-label-img/15006_lab.png,train
15007,train,,train/train-org-img/15007.jpg,train/train-label-img/15007_lab.png,train
15008,train,,train/train-org-img/15008.jpg,train/train-label-img/15008_lab.png,train
15009,train,,train/train-org-img/15009.jpg,train/train-label-img/15009_lab.png,train
15010,train,,train/train-org-img/15010.jpg,train/train-label-img/15010_lab.png,train
15011,train,,train/train-org-img/15011.jpg,train/train-label-img/15011_lab.png,train
15012,train,,train/train-org-img/15012.jpg,train/train-label-img/15012_lab.png,train
15013,train,,train/train-org-img/15013.jpg,train/train-label-img/15013_lab.png,train
15014,train,,train/train-org-img/15014.jpg,train/train-label-img/15014_lab.png,train
15015,train,,train/train-org-img/15015.jpg,train/train-label-img/15015_lab.png,train
15016,train,,train/train-org-img/15016.jpg,train/train-label-img/15016_lab.png,train
15017,train,,train/train-org-img/15017.jpg,train/train-label-img/15017_lab.png,train
15018,train,,train/train-org-img/15018.jpg,train/train-label-img/15018_lab.png,train
15020,train,,train/train-org-img/15020.jpg,train/train-label-img/15020_lab.png,train
15021,train,,train/train-org-img/15021.jpg,train/train-label-img/15021_lab.png,train
15023,train,,train/train-org-img/15023.jpg,train/train-label-img/15023_lab.png,train
15024,train,,train/train-org-img/15024.jpg,train/train-label-img/15024_lab.png,train
15025,train,,train/train-org-img/15025.jpg,train/train-label-img/15025_lab.png,train
15026,train,,train/train-org-img/15026.jpg,train/train-label-img/15026_lab.png,train
15027,train,,train/train-org-img/15027.jpg,train/train-label-img/15027_lab.png,train
15028,train,,train/train-org-img/15028.jpg,train/train-label-img/15028_lab.png,train
15029,train,,train/train-org-img/15029.jpg,train/train-label-img/15029_lab.png,train
15030,train,,train/train-org-img/15030.jpg,train/train-label-img/15030_lab.png,train
15033,train,,train/train-org-img/15033.jpg,train/train-label-img/15033_lab.png,train
15035,train,,train/train-org-img/15035.jpg,train/train-label-img/15035_lab.png,train
15036,train,,train/train-org-img/15036.jpg,train/train-label-img/15036_lab.png,train
15037,train,,train/train-org-img/15037.jpg,train/train-label-img/15037_lab.png,train
15038,train,,train/train-org-img/15038.jpg,train/train-label-img/15038_lab.png,train
15039,train,,train/train-org-img/15039.jpg,train/train-label-img/15039_lab.png,train
15040,train,,train/train-org-img/15040.jpg,train/train-label-img/15040_lab.png,train
15041,train,,train/train-org-img/15041.jpg,train/train-label-img/15041_lab.png,train
15042,train,,train/train-org-img/15042.jpg,train/train-label-img/15042_lab.png,train
15043,train,,train/train-org-img/15043.jpg,train/train-label-img/15043_lab.png,train
15045,train,,train/train-org-img/15045.jpg,train/train-label-img/15045_lab.png,train
15046,train,,train/train-org-img/15046.jpg,train/train-label-img/15046_lab.png,train
15047,train,,train/train-org-img/15047.jpg,train/train-label-img/15047_lab.png,train
15048,train,,train/train-org-img/15048.jpg,train/train-label-img/15048_lab.png,train
15049,train,,train/train-org-img/15049.jpg,train/train-label-img/15049_lab.png,train
15050,train,,train/train-org-img/15050.jpg,train/train-label-img/15050_lab.png,train
15051,train,,train/train-org-img/15051.jpg,train/train-label-img/15051_lab.png,train
15052,train,,train/train-org-img/15052.jpg,train/train-label-img/15052_lab.png,train
15053,train,,train/train-org-img/15053.jpg,train/train-label-img/15053_lab.png,train
15055,train,,train/train-org-img/15055.jpg,train/train-label-img/15055_lab.png,train
15057,train,,train/train-org-img/15057.jpg,train/train-label-img/15057_lab.png,train
15058,train,,train/train-org-img/15058.jpg,train/train-label-img/15058_lab.png,train
15059,train,,train/train-org-img/15059.jpg,train/train-label-img/15059_lab.png,train
15064,train,,train/train-org-img/15064.jpg,train/train-label-img/15064_lab.png,train
15065,train,,train/train-org-img/15065.jpg,train/train-label-img/15065_lab.png,train
15066,train,,train/train-org-img/15066.jpg,train/train-label-img/15066_lab.png,train
15075,train,,train/train-org-img/15075.jpg,train/train-label-img/15075_lab.png,train
15077,train,,train/train-org-img/15077.jpg,train/train-label-img/15077_lab.png,train
15082,train,,train/train-org-img/15082.jpg,train/train-label-img/15082_lab.png,train
15084,train,,train/train-org-img/15084.jpg,train/train-label-img/15084_lab.png,train
15085,train,,train/train-org-img/15085.jpg,train/train-label-img/15085_lab.png,train
15090,train,,train/train-org-img/15090.jpg,train/train-label-img/15090_lab.png,train
15091,train,,train/train-org-img/15091.jpg,train/train-label-img/15091_lab.png,train
15092,train,,train/train-org-img/15092.jpg,train/train-label-img/15092_lab.png,train
15093,train,,train/train-org-img/15093.jpg,train/train-label-img/15093_lab.png,train
15094,train,,train/train-org-img/15094.jpg,train/train-label-img/15094_lab.png,train
15096,train,,train/train-org-img/15096.jpg,train/train-label-img/15096_lab.png,train
15098,train,,train/train-org-img/15098.jpg,train/train-label-img/15098_lab.png,train
15099,train,,train/train-org-img/15099.jpg,train/train-label-img/15099_lab.png,train
15101,train,,train/train-org-img/15101.jpg,train/train-label-img/15101_lab.png,train
15102,train,,train/train-org-img/15102.jpg,train/train-label-img/15102_lab.png,train
15104,train,,train/train-org-img/15104.jpg,train/train-label-img/15104_lab.png,train
15105,train,,train/train-org-img/15105.jpg,train/train-label-img/15105_lab.png,train
15106,train,,train/train-org-img/15106.jpg,train/train-label-img/15106_lab.png,train
15109,train,,train/train-org-img/15109.jpg,train/train-label-img/15109_lab.png,train
15110,train,,train/train-org-img/15110.jpg,train/train-label-img/15110_lab.png,train
15111,train,,train/train-org-img/15111.jpg,train/train-label-img/15111_lab.png,train
15112,train,,train/train-org-img/15112.jpg,train/train-label-img/15112_lab.png,train
15113,train,,train/train-org-img/15113.jpg,train/train-label-img/15113_lab.png,train
15114,train,,train/train-org-img/15114.jpg,train/train-label-img/15114_lab.png,train
15115,train,,train/train-org-img/15115.jpg,train/train-label-img/15115_lab.png,train
15116,train,,train/train-org-img/15116.jpg,train/train-label-img/15116_lab.png,train
15117,train,,train/train-org-img/15117.jpg,train/train-label-img/15117_lab.png,train
15120,train,,train/train-org-img/15120.jpg,train/train-label-img/15120_lab.png,train
15122,train,,train/train-org-img/15122.jpg,train/train-label-img/15122_lab.png,train
15123,train,,train/train-org-img/15123.jpg,train/train-label-img/15123_lab.png,train
15124,train,,train/train-org-img/15124.jpg,train/train-label-img/15124_lab.png,train
15125,train,,train/train-org-img/15125.jpg,train/train-label-img/15125_lab.png,train
15126,train,,train/train-org-img/15126.jpg,train/train-label-img/15126_lab.png,train
15127,train,,train/train-org-img/15127.jpg,train/train-label-img/15127_lab.png,train
15128,train,,train/train-org-img/15128.jpg,train/train-label-img/15128_lab.png,train
15129,train,,train/train-org-img/15129.jpg,train/train-label-img/15129_lab.png,train
15131,train,,train/train-org-img/15131.jpg,train/train-label-img/15131_lab.png,train
15132,train,,train/train-org-img/15132.jpg,train/train-label-img/15132_lab.png,train
15134,train,,train/train-org-img/15134.jpg,train/train-label-img/15134_lab.png,train
15136,train,,train/train-org-img/15136.jpg,train/train-label-img/15136_lab.png,train
15137,train,,train/train-org-img/15137.jpg,train/train-label-img/15137_lab.png,train
15138,train,,train/train-org-img/15138.jpg,train/train-label-img/15138_lab.png,train
15139,train,,train/train-org-img/15139.jpg,train/train-label-img/15139_lab.png,train
15140,train,,train/train-org-img/15140.jpg,train/train-label-img/15140_lab.png,train
15141,train,,train/train-org-img/15141.jpg,train/train-label-img/15141_lab.png,train
15143,train,,train/train-org-img/15143.jpg,train/train-label-img/15143_lab.png,train
15144,train,,train/train-org-img/15144.jpg,train/train-label-img/15144_lab.png,train
15145,train,,train/train-org-img/15145.jpg,train/train-label-img/15145_lab.png,train
15146,train,,train/train-org-img/15146.jpg,train/train-label-img/15146_lab.png,train
15147,train,,train/train-org-img/15147.jpg,train/train-label-img/15147_lab.png,train
15148,train,,train/train-org-img/15148.jpg,train/train-label-img/15148_lab.png,train
15149,train,,train/train-org-img/15149.jpg,train/train-label-img/15149_lab.png,train
15150,train,,train/train-org-img/15150.jpg,train/train-label-img/15150_lab.png,train
15151,train,,train/train-org-img/15151.jpg,train/train-label-img/15151_lab.png,train
15153,train,,train/train-org-img/15153.jpg,train/train-label-img/15153_lab.png,train
15154,train,,train/train-org-img/15154.jpg,train/train-label-img/15154_lab.png,train
15156,train,,train/train-org-img/15156.jpg,train/train-label-img/15156_lab.png,train
15158,train,,train/train-org-img/15158.jpg,train/train-label-img/15158_lab.png,train
15159,train,,train/train-org-img/15159.jpg,train/train-label-img/15159_lab.png,train
15160,train,,train/train-org-img/15160.jpg,train/train-label-img/15160_lab.png,train
15161,train,,train/train-org-img/15161.jpg,train/train-label-img/15161_lab.png,train
15162,train,,train/train-org-img/15162.jpg,train/train-label-img/15162_lab.png,train
15163,train,,train/train-org-img/15163.jpg,train/train-label-img/15163_lab.png,train
15164,train,,train/train-org-img/15164.jpg,train/train-label-img/15164_lab.png,train
15165,train,,train/train-org-img/15165.jpg,train/train-label-img/15165_lab.png,train
15166,train,,train/train-org-img/15166.jpg,train/train-label-img/15166_lab.png,train
15167,train,,train/train-org-img/15167.jpg,train/train-label-img/15167_lab.png,train
15168,train,,train/train-org-img/15168.jpg,train/train-label-img/15168_lab.png,train
15169,train,,train/train-org-img/15169.jpg,train/train-label-img/15169_lab.png,train
15170,train,,train/train-org-img/15170.jpg,train/train-label-img/15170_lab.png,train
15171,train,,train/train-org-img/15171.jpg,train/train-label-img/15171_lab.png,train
15173,train,,train/train-org-img/15173.jpg,train/train-label-img/15173_lab.png,train
15175,train,,train/train-org-img/15175.jpg,train/train-label-img/15175_lab.png,train
15177,train,,train/train-org-img/15177.jpg,train/train-label-img/15177_lab.png,train
15178,train,,train/train-org-img/15178.jpg,train/train-label-img/15178_lab.png,train
15179,train,,train/train-org-img/15179.jpg,train/train-label-img/15179_lab.png,train
15183,train,,train/train-org-img/15183.jpg,train/train-label-img/15183_lab.png,train
15186,train,,train/train-org-img/15186.jpg,train/train-label-img/15186_lab.png,train
15188,train,,train/train-org-img/15188.jpg,train/train-label-img/15188_lab.png,train
15190,train,,train/train-org-img/15190.jpg,train/train-label-img/15190_lab.png,train
15191,train,,train/train-org-img/15191.jpg,train/train-label-img/15191_lab.png,train
15193,train,,train/train-org-img/15193.jpg,train/train-label-img/15193_lab.png,train
15196,train,,train/train-org-img/15196.jpg,train/train-label-img/15196_lab.png,train
15200,train,,train/train-org-img/15200.jpg,train/train-label-img/15200_lab.png,train
15201,train,,train/train-org-img/15201.jpg,train/train-label-img/15201_lab.png,train
15203,train,,train/train-org-img/15203.jpg,train/train-label-img/15203_lab.png,train
15204,train,,train/train-org-img/15204.jpg,train/train-label-img/15204_lab.png,train
15205,train,,train/train-org-img/15205.jpg,train/train-label-img/15205_lab.png,train
15206,train,,train/train-org-img/15206.jpg,train/train-label-img/15206_lab.png,train
15207,train,,train/train-org-img/15207.jpg,train/train-label-img/15207_lab.png,train
15208,train,,train/train-org-img/15208.jpg,train/train-label-img/15208_lab.png,train
15209,train,,train/train-org-img/15209.jpg,train/train-label-img/15209_lab.png,train
15211,train,,train/train-org-img/15211.jpg,train/train-label-img/15211_lab.png,train
15212,train,,train/train-org-img/15212.jpg,train/train-label-img/15212_lab.png,train
15213,train,,train/train-org-img/15213.jpg,train/train-label-img/15213_lab.png,train
15215,train,,train/train-org-img/15215.jpg,train/train-label-img/15215_lab.png,train
15216,train,,train/train-org-img/15216.jpg,train/train-label-img/15216_lab.png,train
15217,train,,train/train-org-img/15217.jpg,train/train-label-img/15217_lab.png,train
15219,train,,train/train-org-img/15219.jpg,train/train-label-img/15219_lab.png,train
15220,train,,train/train-org-img/15220.jpg,train/train-label-img/15220_lab.png,train
15222,train,,train/train-org-img/15222.jpg,train/train-label-img/15222_lab.png,train
15224,train,,train/train-org-img/15224.jpg,train/train-label-img/15224_lab.png,train
15225,train,,train/train-org-img/15225.jpg,train/train-label-img/15225_lab.png,train
15227,train,,train/train-org-img/15227.jpg,train/train-label-img/15227_lab.png,train
15228,train,,train/train-org-img/15228.jpg,train/train-label-img/15228_lab.png,train
15249,train,,train/train-org-img/15249.jpg,train/train-label-img/15249_lab.png,train
15259,train,,train/train-org-img/15259.jpg,train/train-label-img/15259_lab.png,train
15260,train,,train/train-org-img/15260.jpg,train/train-label-img/15260_lab.png,train
15261,train,,train/train-org-img/15261.jpg,train/train-label-img/15261_lab.png,train
15262,train,,train/train-org-img/15262.jpg,train/train-label-img/15262_lab.png,train
15263,train,,train/train-org-img/15263.jpg,train/train-label-img/15263_lab.png,train
15264,train,,train/train-org-img/15264.jpg,train/train-label-img/15264_lab.png,train
15265,train,,train/train-org-img/15265.jpg,train/train-label-img/15265_lab.png,train
15266,train,,train/train-org-img/15266.jpg,train/train-label-img/15266_lab.png,train
15267,train,,train/train-org-img/15267.jpg,train/train-label-img/15267_lab.png,train
15268,train,,train/train-org-img/15268.jpg,train/train-label-img/15268_lab.png,train
15269,train,,train/train-org-img/15269.jpg,train/train-label-img/15269_lab.png,train
15272,train,,train/train-org-img/15272.jpg,train/train-label-img/15272_lab.png,train
15273,train,,train/train-org-img/15273.jpg,train/train-label-img/15273_lab.png,train
15274,train,,train/train-org-img/15274.jpg,train/train-label-img/15274_lab.png,train
15276,train,,train/train-org-img/15276.jpg,train/train-label-img/15276_lab.png,train
15277,train,,train/train-org-img/15277.jpg,train/train-label-img/15277_lab.png,train
15278,train,,train/train-org-img/15278.jpg,train/train-label-img/15278_lab.png,train
15280,train,,train/train-org-img/15280.jpg,train/train-label-img/15280_lab.png,train
15281,train,,train/train-org-img/15281.jpg,train/train-label-img/15281_lab.png,train
15282,train,,train/train-org-img/15282.jpg,train/train-label-img/15282_lab.png,train
15283,train,,train/train-org-img/15283.jpg,train/train-label-img/15283_lab.png,train
15285,train,,train/train-org-img/15285.jpg,train/train-label-img/15285_lab.png,train
15286,train,,train/train-org-img/15286.jpg,train/train-label-img/15286_lab.png,train
15287,train,,train/train-org-img/15287.jpg,train/train-label-img/15287_lab.png,train
15288,train,,train/train-org-img/15288.jpg,train/train-label-img/15288_lab.png,train
15289,train,,train/train-org-img/15289.jpg,train/train-label-img/15289_lab.png,train
15290,train,,train/train-org-img/15290.jpg,train/train-label-img/15290_lab.png,train
15291,train,,train/train-org-img/15291.jpg,train/train-label-img/15291_lab.png,train
15292,train,,train/train-org-img/15292.jpg,train/train-label-img/15292_lab.png,train
15295,train,,train/train-org-img/15295.jpg,train/train-label-img/15295_lab.png,train
15296,train,,train/train-org-img/15296.jpg,train/train-label-img/15296_lab.png,train
15297,train,,train/train-org-img/15297.jpg,train/train-label-img/15297_lab.png,train
15299,train,,train/train-org-img/15299.jpg,train/train-label-img/15299_lab.png,train
15300,train,,train/train-org-img/15300.jpg,train/train-label-img/15300_lab.png,train
15301,train,,train/train-org-img/15301.jpg,train/train-label-img/15301_lab.png,train
15303,train,,train/train-org-img/15303.jpg,train/train-label-img/15303_lab.png,train
15329,train,,train/train-org-img/15329.jpg,train/train-label-img/15329_lab.png,train
15330,train,,train/train-org-img/15330.jpg,train/train-label-img/15330_lab.png,train
15331,train,,train/train-org-img/15331.jpg,train/train-label-img/15331_lab.png,train
15332,train,,train/train-org-img/15332.jpg,train/train-label-img/15332_lab.png,train
15333,train,,train/train-org-img/15333.jpg,train/train-label-img/15333_lab.png,train
15335,train,,train/train-org-img/15335.jpg,train/train-label-img/15335_lab.png,train
15336,train,,train/train-org-img/15336.jpg,train/train-label-img/15336_lab.png,train
15337,train,,train/train-org-img/15337.jpg,train/train-label-img/15337_lab.png,train
15339,train,,train/train-org-img/15339.jpg,train/train-label-img/15339_lab.png,train
15341,train,,train/train-org-img/15341.jpg,train/train-label-img/15341_lab.png,train
15342,train,,train/train-org-img/15342.jpg,train/train-label-img/15342_lab.png,train
15343,train,,train/train-org-img/15343.jpg,train/train-label-img/15343_lab.png,train
15344,train,,train/train-org-img/15344.jpg,train/train-label-img/15344_lab.png,train
15345,train,,train/train-org-img/15345.jpg,train/train-label-img/15345_lab.png,train
15347,train,,train/train-org-img/15347.jpg,train/train-label-img/15347_lab.png,train
15348,train,,train/train-org-img/15348.jpg,train/train-label-img/15348_lab.png,train
15349,train,,train/train-org-img/15349.jpg,train/train-label-img/15349_lab.png,train
15350,train,,train/train-org-img/15350.jpg,train/train-label-img/15350_lab.png,train
15351,train,,train/train-org-img/15351.jpg,train/train-label-img/15351_lab.png,train
15352,train,,train/train-org-img/15352.jpg,train/train-label-img/15352_lab.png,train
15353,train,,train/train-org-img/15353.jpg,train/train-label-img/15353_lab.png,train
15354,train,,train/train-org-img/15354.jpg,train/train-label-img/15354_lab.png,train
15357,train,,train/train-org-img/15357.jpg,train/train-label-img/15357_lab.png,train
15358,train,,train/train-org-img/15358.jpg,train/train-label-img/15358_lab.png,train
15359,train,,train/train-org-img/15359.jpg,train/train-label-img/15359_lab.png,train
15361,train,,train/train-org-img/15361.jpg,train/train-label-img/15361_lab.png,train
15362,train,,train/train-org-img/15362.jpg,train/train-label-img/15362_lab.png,train
15363,train,,train/train-org-img/15363.jpg,train/train-label-img/15363_lab.png,train
15365,train,,train/train-org-img/15365.jpg,train/train-label-img/15365_lab.png,train
15366,train,,train/train-org-img/15366.jpg,train/train-label-img/15366_lab.png,train
15368,train,,train/train-org-img/15368.jpg,train/train-label-img/15368_lab.png,train
15370,train,,train/train-org-img/15370.jpg,train/train-label-img/15370_lab.png,train
15371,train,,train/train-org-img/15371.jpg,train/train-label-img/15371_lab.png,train
15372,train,,train/train-org-img/15372.jpg,train/train-label-img/15372_lab.png,train
15373,train,,train/train-org-img/15373.jpg,train/train-label-img/15373_lab.png,train
15374,train,,train/train-org-img/15374.jpg,train/train-label-img/15374_lab.png,train
15375,train,,train/train-org-img/15375.jpg,train/train-label-img/15375_lab.png,train
15376,train,,train/train-org-img/15376.jpg,train/train-label-img/15376_lab.png,train
15377,train,,train/train-org-img/15377.jpg,train/train-label-img/15377_lab.png,train
15378,train,,train/train-org-img/15378.jpg,train/train-label-img/15378_lab.png,train
15379,train,,train/train-org-img/15379.jpg,train/train-label-img/15379_lab.png,train
15380,train,,train/train-org-img/15380.jpg,train/train-label-img/15380_lab.png,train
15381,train,,train/train-org-img/15381.jpg,train/train-label-img/15381_lab.png,train
15382,train,,train/train-org-img/15382.jpg,train/train-label-img/15382_lab.png,train
15384,train,,train/train-org-img/15384.jpg,train/train-label-img/15384_lab.png,train
15385,train,,train/train-org-img/15385.jpg,train/train-label-img/15385_lab.png,train
15387,train,,train/train-org-img/15387.jpg,train/train-label-img/15387_lab.png,train
15389,train,,train/train-org-img/15389.jpg,train/train-label-img/15389_lab.png,train
15390,train,,train/train-org-img/15390.jpg,train/train-label-img/15390_lab.png,train
15391,train,,train/train-org-img/15391.jpg,train/train-label-img/15391_lab.png,train
15392,train,,train/train-org-img/15392.jpg,train/train-label-img/15392_lab.png,train
15393,train,,train/train-org-img/15393.jpg,train/train-label-img/15393_lab.png,train
15396,train,,train/train-org-img/15396.jpg,train/train-label-img/15396_lab.png,train
15397,train,,train/train-org-img/15397.jpg,train/train-label-img/15397_lab.png,train
15399,train,,train/train-org-img/15399.jpg,train/train-label-img/15399_lab.png,train
15400,train,,train/train-org-img/15400.jpg,train/train-label-img/15400_lab.png,train
15402,train,,train/train-org-img/15402.jpg,train/train-label-img/15402_lab.png,train
15403,train,,train/train-org-img/15403.jpg,train/train-label-img/15403_lab.png,train
15412,train,,train/train-org-img/15412.jpg,train/train-label-img/15412_lab.png,train
15415,train,,train/train-org-img/15415.jpg,train/train-label-img/15415_lab.png,train
15416,train,,train/train-org-img/15416.jpg,train/train-label-img/15416_lab.png,train
15420,train,,train/train-org-img/15420.jpg,train/train-label-img/15420_lab.png,train
15421,train,,train/train-org-img/15421.jpg,train/train-label-img/15421_lab.png,train
15422,train,,train/train-org-img/15422.jpg,train/train-label-img/15422_lab.png,train
15423,train,,train/train-org-img/15423.jpg,train/train-label-img/15423_lab.png,train
15424,train,,train/train-org-img/15424.jpg,train/train-label-img/15424_lab.png,train
15425,train,,train/train-org-img/15425.jpg,train/train-label-img/15425_lab.png,train
15427,train,,train/train-org-img/15427.jpg,train/train-label-img/15427_lab.png,train
15428,train,,train/train-org-img/15428.jpg,train/train-label-img/15428_lab.png,train
15429,train,,train/train-org-img/15429.jpg,train/train-label-img/15429_lab.png,train
15430,train,,train/train-org-img/15430.jpg,train/train-label-img/15430_lab.png,train
15431,train,,train/train-org-img/15431.jpg,train/train-label-img/15431_lab.png,train
15432,train,,train/train-org-img/15432.jpg,train/train-label-img/15432_lab.png,train
15433,train,,train/train-org-img/15433.jpg,train/train-label-img/15433_lab.png,train
15435,train,,train/train-org-img/15435.jpg,train/train-label-img/15435_lab.png,train
15436,train,,train/train-org-img/15436.jpg,train/train-label-img/15436_lab.png,train
15437,train,,train/train-org-img/15437.jpg,train/train-label-img/15437_lab.png,train
15438,train,,train/train-org-img/15438.jpg,train/train-label-img/15438_lab.png,train
15439,train,,train/train-org-img/15439.jpg,train/train-label-img/15439_lab.png,train
15440,train,,train/train-org-img/15440.jpg,train/train-label-img/15440_lab.png,train
15441,train,,train/train-org-img/15441.jpg,train/train-label-img/15441_lab.png,train
15442,train,,train/train-org-img/15442.jpg,train/train-label-img/15442_lab.png,train
15443,train,,train/train-org-img/15443.jpg,train/train-label-img/15443_lab.png,train
15444,train,,train/train-org-img/15444.jpg,train/train-label-img/15444_lab.png,train
15445,train,,train/train-org-img/15445.jpg,train/train-label-img/15445_lab.png,train
15446,train,,train/train-org-img/15446.jpg,train/train-label-img/15446_lab.png,train
15447,train,,train/train-org-img/15447.jpg,train/train-label-img/15447_lab.png,train
15448,train,,train/train-org-img/15448.jpg,train/train-label-img/15448_lab.png,train
15451,train,,train/train-org-img/15451.jpg,train/train-label-img/15451_lab.png,train
15452,train,,train/train-org-img/15452.jpg,train/train-label-img/15452_lab.png,train
15453,train,,train/train-org-img/15453.jpg,train/train-label-img/15453_lab.png,train
15454,train,,train/train-org-img/15454.jpg,train/train-label-img/15454_lab.png,train
15455,train,,train/train-org-img/15455.jpg,train/train-label-img/15455_lab.png,train
15456,train,,train/train-org-img/15456.jpg,train/train-label-img/15456_lab.png,train
15457,train,,train/train-org-img/15457.jpg,train/train-label-img/15457_lab.png,train
15458,train,,train/train-org-img/15458.jpg,train/train-label-img/15458_lab.png,train
15459,train,,train/train-org-img/15459.jpg,train/train-label-img/15459_lab.png,train
15460,train,,train/train-org-img/15460.jpg,train/train-label-img/15460_lab.png,train
15462,train,,train/train-org-img/15462.jpg,train/train-label-img/15462_lab.png,train
15463,train,,train/train-org-img/15463.jpg,train/train-label-img/15463_lab.png,train
15466,train,,train/train-org-img/15466.jpg,train/train-label-img/15466_lab.png,train
15467,train,,train/train-org-img/15467.jpg,train/train-label-img/15467_lab.png,train
15468,train,,train/train-org-img/15468.jpg,train/train-label-img/15468_lab.png,train
15469,train,,train/train-org-img/15469.jpg,train/train-label-img/15469_lab.png,train
15470,train,,train/train-org-img/15470.jpg,train/train-label-img/15470_lab.png,train
15471,train,,train/train-org-img/15471.jpg,train/train-label-img/15471_lab.png,train
15472,train,,train/train-org-img/15472.jpg,train/train-label-img/15472_lab.png,train
15473,train,,train/train-org-img/15473.jpg,train/train-label-img/15473_lab.png,train
15474,train,,train/train-org-img/15474.jpg,train/train-label-img/15474_lab.png,train
15476,train,,train/train-org-img/15476.jpg,train/train-label-img/15476_lab.png,train
15477,train,,train/train-org-img/15477.jpg,train/train-label-img/15477_lab.png,train
15478,train,,train/train-org-img/15478.jpg,train/train-label-img/15478_lab.png,train
15479,train,,train/train-org-img/15479.jpg,train/train-label-img/15479_lab.png,train
15480,train,,train/train-org-img/15480.jpg,train/train-label-img/15480_lab.png,train
15482,train,,train/train-org-img/15482.jpg,train/train-label-img/15482_lab.png,train
15483,train,,train/train-org-img/15483.jpg,train/train-label-img/15483_lab.png,train
15484,train,,train/train-org-img/15484.jpg,train/train-label-img/15484_lab.png,train
15485,train,,train/train-org-img/15485.jpg,train/train-label-img/15485_lab.png,train
15487,train,,train/train-org-img/15487.jpg,train/train-label-img/15487_lab.png,train
15488,train,,train/train-org-img/15488.jpg,train/train-label-img/15488_lab.png,train
15489,train,,train/train-org-img/15489.jpg,train/train-label-img/15489_lab.png,train
15490,train,,train/train-org-img/15490.jpg,train/train-label-img/15490_lab.png,train
15491,train,,train/train-org-img/15491.jpg,train/train-label-img/15491_lab.png,train
15492,train,,train/train-org-img/15492.jpg,train/train-label-img/15492_lab.png,train
15493,train,,train/train-org-img/15493.jpg,train/train-label-img/15493_lab.png,train
15494,train,,train/train-org-img/15494.jpg,train/train-label-img/15494_lab.png,train
15496,train,,train/train-org-img/15496.jpg,train/train-label-img/15496_lab.png,train
15497,train,,train/train-org-img/15497.jpg,train/train-label-img/15497_lab.png,train
15502,train,,train/train-org-img/15502.jpg,train/train-label-img/15502_lab.png,train
15503,train,,train/train-org-img/15503.jpg,train/train-label-img/15503_lab.png,train
15505,train,,train/train-org-img/15505.jpg,train/train-label-img/15505_lab.png,train
15506,train,,train/train-org-img/15506.jpg,train/train-label-img/15506_lab.png,train
15507,train,,train/train-org-img/15507.jpg,train/train-label-img/15507_lab.png,train
15508,train,,train/train-org-img/15508.jpg,train/train-label-img/15508_lab.png,train
15530,train,,train/train-org-img/15530.jpg,train/train-label-img/15530_lab.png,train
15531,train,,train/train-org-img/15531.jpg,train/train-label-img/15531_lab.png,train
15532,train,,train/train-org-img/15532.jpg,train/train-label-img/15532_lab.png,train
15533,train,,train/train-org-img/15533.jpg,train/train-label-img/15533_lab.png,train
15535,train,,train/train-org-img/15535.jpg,train/train-label-img/15535_lab.png,train
15536,train,,train/train-org-img/15536.jpg,train/train-label-img/15536_lab.png,train
15537,train,,train/train-org-img/15537.jpg,train/train-label-img/15537_lab.png,train
15538,train,,train/train-org-img/15538.jpg,train/train-label-img/15538_lab.png,train
15539,train,,train/train-org-img/15539.jpg,train/train-label-img/15539_lab.png,train
15541,train,,train/train-org-img/15541.jpg,train/train-label-img/15541_lab.png,train
15544,train,,train/train-org-img/15544.jpg,train/train-label-img/15544_lab.png,train
15545,train,,train/train-org-img/15545.jpg,train/train-label-img/15545_lab.png,train
15546,train,,train/train-org-img/15546.jpg,train/train-label-img/15546_lab.png,train
15547,train,,train/train-org-img/15547.jpg,train/train-label-img/15547_lab.png,train
15548,train,,train/train-org-img/15548.jpg,train/train-label-img/15548_lab.png,train
15549,train,,train/train-org-img/15549.jpg,train/train-label-img/15549_lab.png,train
15550,train,,train/train-org-img/15550.jpg,train/train-label-img/15550_lab.png,train
15551,train,,train/train-org-img/15551.jpg,train/train-label-img/15551_lab.png,train
15552,train,,train/train-org-img/15552.jpg,train/train-label-img/15552_lab.png,train
15553,train,,train/train-org-img/15553.jpg,train/train-label-img/15553_lab.png,train
15557,train,,train/train-org-img/15557.jpg,train/train-label-img/15557_lab.png,train
15558,train,,train/train-org-img/15558.jpg,train/train-label-img/15558_lab.png,train
15559,train,,train/train-org-img/15559.jpg,train/train-label-img/15559_lab.png,train
15560,train,,train/train-org-img/15560.jpg,train/train-label-img/15560_lab.png,train
15561,train,,train/train-org-img/15561.jpg,train/train-label-img/15561_lab.png,train
15562,train,,train/train-org-img/15562.jpg,train/train-label-img/15562_lab.png,train
15563,train,,train/train-org-img/15563.jpg,train/train-label-img/15563_lab.png,train
15564,train,,train/train-org-img/15564.jpg,train/train-label-img/15564_lab.png,train
15566,train,,train/train-org-img/15566.jpg,train/train-label-img/15566_lab.png,train
15567,train,,train/train-org-img/15567.jpg,train/train-label-img/15567_lab.png,train
15568,train,,train/train-org-img/15568.jpg,train/train-label-img/15568_lab.png,train
15569,train,,train/train-org-img/15569.jpg,train/train-label-img/15569_lab.png,train
15570,train,,train/train-org-img/15570.jpg,train/train-label-img/15570_lab.png,train
15571,train,,train/train-org-img/15571.jpg,train/train-label-img/15571_lab.png,train
15572,train,,train/train-org-img/15572.jpg,train/train-label-img/15572_lab.png,train
15575,train,,train/train-org-img/15575.jpg,train/train-label-img/15575_lab.png,train
15576,train,,train/train-org-img/15576.jpg,train/train-label-img/15576_lab.png,train
15577,train,,train/train-org-img/15577.jpg,train/train-label-img/15577_lab.png,train
15578,train,,train/train-org-img/15578.jpg,train/train-label-img/15578_lab.png,train
15579,train,,train/train-org-img/15579.jpg,train/train-label-img/15579_lab.png,train
15587,train,,train/train-org-img/15587.jpg,train/train-label-img/15587_lab.png,train
15588,train,,train/train-org-img/15588.jpg,train/train-label-img/15588_lab.png,train
15589,train,,train/train-org-img/15589.jpg,train/train-label-img/15589_lab.png,train
15590,train,,train/train-org-img/15590.jpg,train/train-label-img/15590_lab.png,train
15591,train,,train/train-org-img/15591.jpg,train/train-label-img/15591_lab.png,train
15592,train,,train/train-org-img/15592.jpg,train/train-label-img/15592_lab.png,train
15594,train,,train/train-org-img/15594.jpg,train/train-label-img/15594_lab.png,train
15595,train,,train/train-org-img/15595.jpg,train/train-label-img/15595_lab.png,train
15596,train,,train/train-org-img/15596.jpg,train/train-label-img/15596_lab.png,train
15597,train,,train/train-org-img/15597.jpg,train/train-label-img/15597_lab.png,train
15598,train,,train/train-org-img/15598.jpg,train/train-label-img/15598_lab.png,train
15599,train,,train/train-org-img/15599.jpg,train/train-label-img/15599_lab.png,train
15600,train,,train/train-org-img/15600.jpg,train/train-label-img/15600_lab.png,train
15606,train,,train/train-org-img/15606.jpg,train/train-label-img/15606_lab.png,train
15608,train,,train/train-org-img/15608.jpg,train/train-label-img/15608_lab.png,train
15611,train,,train/train-org-img/15611.jpg,train/train-label-img/15611_lab.png,train
15613,train,,train/train-org-img/15613.jpg,train/train-label-img/15613_lab.png,train
15615,train,,train/train-org-img/15615.jpg,train/train-label-img/15615_lab.png,train
15616,train,,train/train-org-img/15616.jpg,train/train-label-img/15616_lab.png,train
15617,train,,train/train-org-img/15617.jpg,train/train-label-img/15617_lab.png,train
15618,train,,train/train-org-img/15618.jpg,train/train-label-img/15618_lab.png,train
15622,train,,train/train-org-img/15622.jpg,train/train-label-img/15622_lab.png,train
15623,train,,train/train-org-img/15623.jpg,train/train-label-img/15623_lab.png,train
15625,train,,train/train-org-img/15625.jpg,train/train-label-img/15625_lab.png,train
15627,train,,train/train-org-img/15627.jpg,train/train-label-img/15627_lab.png,train
15629,train,,train/train-org-img/15629.jpg,train/train-label-img/15629_lab.png,train
15630,train,,train/train-org-img/15630.jpg,train/train-label-img/15630_lab.png,train
15631,train,,train/train-org-img/15631.jpg,train/train-label-img/15631_lab.png,train
15636,train,,train/train-org-img/15636.jpg,train/train-label-img/15636_lab.png,train
15637,train,,train/train-org-img/15637.jpg,train/train-label-img/15637_lab.png,train
15638,train,,train/train-org-img/15638.jpg,train/train-label-img/15638_lab.png,train
15640,train,,train/train-org-img/15640.jpg,train/train-label-img/15640_lab.png,train
15641,train,,train/train-org-img/15641.jpg,train/train-label-img/15641_lab.png,train
15642,train,,train/train-org-img/15642.jpg,train/train-label-img/15642_lab.png,train
15643,train,,train/train-org-img/15643.jpg,train/train-label-img/15643_lab.png,train
15644,train,,train/train-org-img/15644.jpg,train/train-label-img/15644_lab.png,train
15645,train,,train/train-org-img/15645.jpg,train/train-label-img/15645_lab.png,train
15646,train,,train/train-org-img/15646.jpg,train/train-label-img/15646_lab.png,train
15648,train,,train/train-org-img/15648.jpg,train/train-label-img/15648_lab.png,train
15649,train,,train/train-org-img/15649.jpg,train/train-label-img/15649_lab.png,train
15650,train,,train/train-org-img/15650.jpg,train/train-label-img/15650_lab.png,train
15651,train,,train/train-org-img/15651.jpg,train/train-label-img/15651_lab.png,train
15652,train,,train/train-org-img/15652.jpg,train/train-label-img/15652_lab.png,train
15653,train,,train/train-org-img/15653.jpg,train/train-label-img/15653_lab.png,train
15654,train,,train/train-org-img/15654.jpg,train/train-label-img/15654_lab.png,train
15655,train,,train/train-org-img/15655.jpg,train/train-label-img/15655_lab.png,train
15656,train,,train/train-org-img/15656.jpg,train/train-label-img/15656_lab.png,train
15657,train,,train/train-org-img/15657.jpg,train/train-label-img/15657_lab.png,train
15658,train,,train/train-org-img/15658.jpg,train/train-label-img/15658_lab.png,train
15659,train,,train/train-org-img/15659.jpg,train/train-label-img/15659_lab.png,train
15660,train,,train/train-org-img/15660.jpg,train/train-label-img/15660_lab.png,train
15661,train,,train/train-org-img/15661.jpg,train/train-label-img/15661_lab.png,train
15662,train,,train/train-org-img/15662.jpg,train/train-label-img/15662_lab.png,train
15663,train,,train/train-org-img/15663.jpg,train/train-label-img/15663_lab.png,train
15664,train,,train/train-org-img/15664.jpg,train/train-label-img/15664_lab.png,train
15665,train,,train/train-org-img/15665.jpg,train/train-label-img/15665_lab.png,train
15666,train,,train/train-org-img/15666.jpg,train/train-label-img/15666_lab.png,train
15668,train,,train/train-org-img/15668.jpg,train/train-label-img/15668_lab.png,train
15670,train,,train/train-org-img/15670.jpg,train/train-label-img/15670_lab.png,train
15671,train,,train/train-org-img/15671.jpg,train/train-label-img/15671_lab.png,train
15672,train,,train/train-org-img/15672.jpg,train/train-label-img/15672_lab.png,train
15673,train,,train/train-org-img/15673.jpg,train/train-label-img/15673_lab.png,train
15674,train,,train/train-org-img/15674.jpg,train/train-label-img/15674_lab.png,train
15677,train,,train/train-org-img/15677.jpg,train/train-label-img/15677_lab.png,train
15678,train,,train/train-org-img/15678.jpg,train/train-label-img/15678_lab.png,train
15681,train,,train/train-org-img/15681.jpg,train/train-label-img/15681_lab.png,train
15683,train,,train/train-org-img/15683.jpg,train/train-label-img/15683_lab.png,train
15685,train,,train/train-org-img/15685.jpg,train/train-label-img/15685_lab.png,train
15686,train,,train/train-org-img/15686.jpg,train/train-label-img/15686_lab.png,train
15696,train,,train/train-org-img/15696.jpg,train/train-label-img/15696_lab.png,train
15697,train,,train/train-org-img/15697.jpg,train/train-label-img/15697_lab.png,train
15698,train,,train/train-org-img/15698.jpg,train/train-label-img/15698_lab.png,train
15700,train,,train/train-org-img/15700.jpg,train/train-label-img/15700_lab.png,train
15701,train,,train/train-org-img/15701.jpg,train/train-label-img/15701_lab.png,train
15702,train,,train/train-org-img/15702.jpg,train/train-label-img/15702_lab.png,train
15705,train,,train/train-org-img/15705.jpg,train/train-label-img/15705_lab.png,train
15706,train,,train/train-org-img/15706.jpg,train/train-label-img/15706_lab.png,train
15707,train,,train/train-org-img/15707.jpg,train/train-label-img/15707_lab.png,train
15708,train,,train/train-org-img/15708.jpg,train/train-label-img/15708_lab.png,train
15709,train,,train/train-org-img/15709.jpg,train/train-label-img/15709_lab.png,train
15710,train,,train/train-org-img/15710.jpg,train/train-label-img/15710_lab.png,train
15711,train,,train/train-org-img/15711.jpg,train/train-label-img/15711_lab.png,train
15712,train,,train/train-org-img/15712.jpg,train/train-label-img/15712_lab.png,train
15713,train,,train/train-org-img/15713.jpg,train/train-label-img/15713_lab.png,train
15714,train,,train/train-org-img/15714.jpg,train/train-label-img/15714_lab.png,train
15715,train,,train/train-org-img/15715.jpg,train/train-label-img/15715_lab.png,train
15717,train,,train/train-org-img/15717.jpg,train/train-label-img/15717_lab.png,train
15718,train,,train/train-org-img/15718.jpg,train/train-label-img/15718_lab.png,train
15719,train,,train/train-org-img/15719.jpg,train/train-label-img/15719_lab.png,train
15721,train,,train/train-org-img/15721.jpg,train/train-label-img/15721_lab.png,train
15722,train,,train/train-org-img/15722.jpg,train/train-label-img/15722_lab.png,train
15726,train,,train/train-org-img/15726.jpg,train/train-label-img/15726_lab.png,train
15727,train,,train/train-org-img/15727.jpg,train/train-label-img/15727_lab.png,train
15728,train,,train/train-org-img/15728.jpg,train/train-label-img/15728_lab.png,train
15729,train,,train/train-org-img/15729.jpg,train/train-label-img/15729_lab.png,train
15730,train,,train/train-org-img/15730.jpg,train/train-label-img/15730_lab.png,train
15731,train,,train/train-org-img/15731.jpg,train/train-label-img/15731_lab.png,train
15732,train,,train/train-org-img/15732.jpg,train/train-label-img/15732_lab.png,train
15733,train,,train/train-org-img/15733.jpg,train/train-label-img/15733_lab.png,train
15734,train,,train/train-org-img/15734.jpg,train/train-label-img/15734_lab.png,train
15735,train,,train/train-org-img/15735.jpg,train/train-label-img/15735_lab.png,train
15736,train,,train/train-org-img/15736.jpg,train/train-label-img/15736_lab.png,train
15737,train,,train/train-org-img/15737.jpg,train/train-label-img/15737_lab.png,train
15739,train,,train/train-org-img/15739.jpg,train/train-label-img/15739_lab.png,train
15740,train,,train/train-org-img/15740.jpg,train/train-label-img/15740_lab.png,train
15741,train,,train/train-org-img/15741.jpg,train/train-label-img/15741_lab.png,train
15742,train,,train/train-org-img/15742.jpg,train/train-label-img/15742_lab.png,train
15743,train,,train/train-org-img/15743.jpg,train/train-label-img/15743_lab.png,train
15744,train,,train/train-org-img/15744.jpg,train/train-label-img/15744_lab.png,train
15745,train,,train/train-org-img/15745.jpg,train/train-label-img/15745_lab.png,train
15748,train,,train/train-org-img/15748.jpg,train/train-label-img/15748_lab.png,train
15749,train,,train/train-org-img/15749.jpg,train/train-label-img/15749_lab.png,train
15750,train,,train/train-org-img/15750.jpg,train/train-label-img/15750_lab.png,train
15751,train,,train/train-org-img/15751.jpg,train/train-label-img/15751_lab.png,train
15752,train,,train/train-org-img/15752.jpg,train/train-label-img/15752_lab.png,train
15753,train,,train/train-org-img/15753.jpg,train/train-label-img/15753_lab.png,train
15754,train,,train/train-org-img/15754.jpg,train/train-label-img/15754_lab.png,train
15756,train,,train/train-org-img/15756.jpg,train/train-label-img/15756_lab.png,train
15758,train,,train/train-org-img/15758.jpg,train/train-label-img/15758_lab.png,train
15759,train,,train/train-org-img/15759.jpg,train/train-label-img/15759_lab.png,train
15760,train,,train/train-org-img/15760.jpg,train/train-label-img/15760_lab.png,train
15761,train,,train/train-org-img/15761.jpg,train/train-label-img/15761_lab.png,train
15763,train,,train/train-org-img/15763.jpg,train/train-label-img/15763_lab.png,train
15764,train,,train/train-org-img/15764.jpg,train/train-label-img/15764_lab.png,train
15765,train,,train/train-org-img/15765.jpg,train/train-label-img/15765_lab.png,train
15766,train,,train/train-org-img/15766.jpg,train/train-label-img/15766_lab.png,train
15767,train,,train/train-org-img/15767.jpg,train/train-label-img/15767_lab.png,train
15768,train,,train/train-org-img/15768.jpg,train/train-label-img/15768_lab.png,train
15769,train,,train/train-org-img/15769.jpg,train/train-label-img/15769_lab.png,train
15770,train,,train/train-org-img/15770.jpg,train/train-label-img/15770_lab.png,train
15771,train,,train/train-org-img/15771.jpg,train/train-label-img/15771_lab.png,train
15772,train,,train/train-org-img/15772.jpg,train/train-label-img/15772_lab.png,train
15773,train,,train/train-org-img/15773.jpg,train/train-label-img/15773_lab.png,train
15774,train,,train/train-org-img/15774.jpg,train/train-label-img/15774_lab.png,train
15776,train,,train/train-org-img/15776.jpg,train/train-label-img/15776_lab.png,train
15777,train,,train/train-org-img/15777.jpg,train/train-label-img/15777_lab.png,train
15780,train,,train/train-org-img/15780.jpg,train/train-label-img/15780_lab.png,train
15781,train,,train/train-org-img/15781.jpg,train/train-label-img/15781_lab.png,train
15782,train,,train/train-org-img/15782.jpg,train/train-label-img/15782_lab.png,train
15784,train,,train/train-org-img/15784.jpg,train/train-label-img/15784_lab.png,train
15785,train,,train/train-org-img/15785.jpg,train/train-label-img/15785_lab.png,train
15786,train,,train/train-org-img/15786.jpg,train/train-label-img/15786_lab.png,train
15787,train,,train/train-org-img/15787.jpg,train/train-label-img/15787_lab.png,train
15796,train,,train/train-org-img/15796.jpg,train/train-label-img/15796_lab.png,train
15800,train,,train/train-org-img/15800.jpg,train/train-label-img/15800_lab.png,train
15801,train,,train/train-org-img/15801.jpg,train/train-label-img/15801_lab.png,train
15802,train,,train/train-org-img/15802.jpg,train/train-label-img/15802_lab.png,train
15803,train,,train/train-org-img/15803.jpg,train/train-label-img/15803_lab.png,train
15804,train,,train/train-org-img/15804.jpg,train/train-label-img/15804_lab.png,train
15805,train,,train/train-org-img/15805.jpg,train/train-label-img/15805_lab.png,train
15807,train,,train/train-org-img/15807.jpg,train/train-label-img/15807_lab.png,train
15809,train,,train/train-org-img/15809.jpg,train/train-label-img/15809_lab.png,train
15810,train,,train/train-org-img/15810.jpg,train/train-label-img/15810_lab.png,train
15811,train,,train/train-org-img/15811.jpg,train/train-label-img/15811_lab.png,train
15812,train,,train/train-org-img/15812.jpg,train/train-label-img/15812_lab.png,train
15813,train,,train/train-org-img/15813.jpg,train/train-label-img/15813_lab.png,train
15814,train,,train/train-org-img/15814.jpg,train/train-label-img/15814_lab.png,train
15816,train,,train/train-org-img/15816.jpg,train/train-label-img/15816_lab.png,train
15818,train,,train/train-org-img/15818.jpg,train/train-label-img/15818_lab.png,train
15819,train,,train/train-org-img/15819.jpg,train/train-label-img/15819_lab.png,train
15822,train,,train/train-org-img/15822.jpg,train/train-label-img/15822_lab.png,train
15823,train,,train/train-org-img/15823.jpg,train/train-label-img/15823_lab.png,train
15824,train,,train/train-org-img/15824.jpg,train/train-label-img/15824_lab.png,train
15825,train,,train/train-org-img/15825.jpg,train/train-label-img/15825_lab.png,train
15826,train,,train/train-org-img/15826.jpg,train/train-label-img/15826_lab.png,train
15827,train,,train/train-org-img/15827.jpg,train/train-label-img/15827_lab.png,train
15828,train,,train/train-org-img/15828.jpg,train/train-label-img/15828_lab.png,train
15829,train,,train/train-org-img/15829.jpg,train/train-label-img/15829_lab.png,train
15830,train,,train/train-org-img/15830.jpg,train/train-label-img/15830_lab.png,train
15832,train,,train/train-org-img/15832.jpg,train/train-label-img/15832_lab.png,train
15834,train,,train/train-org-img/15834.jpg,train/train-label-img/15834_lab.png,train
15835,train,,train/train-org-img/15835.jpg,train/train-label-img/15835_lab.png,train
15837,train,,train/train-org-img/15837.jpg,train/train-label-img/15837_lab.png,train
15838,train,,train/train-org-img/15838.jpg,train/train-label-img/15838_lab.png,train
15839,train,,train/train-org-img/15839.jpg,train/train-label-img/15839_lab.png,train
15840,train,,train/train-org-img/15840.jpg,train/train-label-img/15840_lab.png,train
15842,train,,train/train-org-img/15842.jpg,train/train-label-img/15842_lab.png,train
15843,train,,train/train-org-img/15843.jpg,train/train-label-img/15843_lab.png,train
15844,train,,train/train-org-img/15844.jpg,train/train-label-img/15844_lab.png,train
15845,train,,train/train-org-img/15845.jpg,train/train-label-img/15845_lab.png,train
15846,train,,train/train-org-img/15846.jpg,train/train-label-img/15846_lab.png,train
15847,train,,train/train-org-img/15847.jpg,train/train-label-img/15847_lab.png,train
15849,train,,train/train-org-img/15849.jpg,train/train-label-img/15849_lab.png,train
15850,train,,train/train-org-img/15850.jpg,train/train-label-img/15850_lab.png,train
15851,train,,train/train-org-img/15851.jpg,train/train-label-img/15851_lab.png,train
15852,train,,train/train-org-img/15852.jpg,train/train-label-img/15852_lab.png,train
15853,train,,train/train-org-img/15853.jpg,train/train-label-img/15853_lab.png,train
15854,train,,train/train-org-img/15854.jpg,train/train-label-img/15854_lab.png,train
15855,train,,train/train-org-img/15855.jpg,train/train-label-img/15855_lab.png,train
15856,train,,train/train-org-img/15856.jpg,train/train-label-img/15856_lab.png,train
15858,train,,train/train-org-img/15858.jpg,train/train-label-img/15858_lab.png,train
15859,train,,train/train-org-img/15859.jpg,train/train-label-img/15859_lab.png,train
15860,train,,train/train-org-img/15860.jpg,train/train-label-img/15860_lab.png,train
15861,train,,train/train-org-img/15861.jpg,train/train-label-img/15861_lab.png,train
15864,train,,train/train-org-img/15864.jpg,train/train-label-img/15864_lab.png,train
15866,train,,train/train-org-img/15866.jpg,train/train-label-img/15866_lab.png,train
15867,train,,train/train-org-img/15867.jpg,train/train-label-img/15867_lab.png,train
15868,train,,train/train-org-img/15868.jpg,train/train-label-img/15868_lab.png,train
15869,train,,train/train-org-img/15869.jpg,train/train-label-img/15869_lab.png,train
15870,train,,train/train-org-img/15870.jpg,train/train-label-img/15870_lab.png,train
15872,train,,train/train-org-img/15872.jpg,train/train-label-img/15872_lab.png,train
15873,train,,train/train-org-img/15873.jpg,train/train-label-img/15873_lab.png,train
15874,train,,train/train-org-img/15874.jpg,train/train-label-img/15874_lab.png,train
15875,train,,train/train-org-img/15875.jpg,train/train-label-img/15875_lab.png,train
15876,train,,train/train-org-img/15876.jpg,train/train-label-img/15876_lab.png,train
15877,train,,train/train-org-img/15877.jpg,train/train-label-img/15877_lab.png,train
15878,train,,train/train-org-img/15878.jpg,train/train-label-img/15878_lab.png,train
15882,train,,train/train-org-img/15882.jpg,train/train-label-img/15882_lab.png,train
15886,train,,train/train-org-img/15886.jpg,train/train-label-img/15886_lab.png,train
15887,train,,train/train-org-img/15887.jpg,train/train-label-img/15887_lab.png,train
15891,train,,train/train-org-img/15891.jpg,train/train-label-img/15891_lab.png,train
15892,train,,train/train-org-img/15892.jpg,train/train-label-img/15892_lab.png,train
15893,train,,train/train-org-img/15893.jpg,train/train-label-img/15893_lab.png,train
15894,train,,train/train-org-img/15894.jpg,train/train-label-img/15894_lab.png,train
15996,train,,train/train-org-img/15996.jpg,train/train-label-img/15996_lab.png,train
15997,train,,train/train-org-img/15997.jpg,train/train-label-img/15997_lab.png,train
15998,train,,train/train-org-img/15998.jpg,train/train-label-img/15998_lab.png,train
15999,train,,train/train-org-img/15999.jpg,train/train-label-img/15999_lab.png,train
16000,train,,train/train-org-img/16000.jpg,train/train-label-img/16000_lab.png,train
16001,train,,train/train-org-img/16001.jpg,train/train-label-img/16001_lab.png,train
16002,train,,train/train-org-img/16002.jpg,train/train-label-img/16002_lab.png,train
16003,train,,train/train-org-img/16003.jpg,train/train-label-img/16003_lab.png,train
16004,train,,train/train-org-img/16004.jpg,train/train-label-img/16004_lab.png,train
16006,train,,train/train-org-img/16006.jpg,train/train-label-img/16006_lab.png,train
16007,train,,train/train-org-img/16007.jpg,train/train-label-img/16007_lab.png,train
16008,train,,train/train-org-img/16008.jpg,train/train-label-img/16008_lab.png,train
16009,train,,train/train-org-img/16009.jpg,train/train-label-img/16009_lab.png,train
16011,train,,train/train-org-img/16011.jpg,train/train-label-img/16011_lab.png,train
16012,train,,train/train-org-img/16012.jpg,train/train-label-img/16012_lab.png,train
16019,train,,train/train-org-img/16019.jpg,train/train-label-img/16019_lab.png,train
16021,train,,train/train-org-img/16021.jpg,train/train-label-img/16021_lab.png,train
16023,train,,train/train-org-img/16023.jpg,train/train-label-img/16023_lab.png,train
16024,train,,train/train-org-img/16024.jpg,train/train-label-img/16024_lab.png,train
16025,train,,train/train-org-img/16025.jpg,train/train-label-img/16025_lab.png,train
16026,train,,train/train-org-img/16026.jpg,train/train-label-img/16026_lab.png,train
16028,train,,train/train-org-img/16028.jpg,train/train-label-img/16028_lab.png,train
16029,train,,train/train-org-img/16029.jpg,train/train-label-img/16029_lab.png,train
16031,train,,train/train-org-img/16031.jpg,train/train-label-img/16031_lab.png,train
16032,train,,train/train-org-img/16032.jpg,train/train-label-img/16032_lab.png,train
16033,train,,train/train-org-img/16033.jpg,train/train-label-img/16033_lab.png,train
16034,train,,train/train-org-img/16034.jpg,train/train-label-img/16034_lab.png,train
16035,train,,train/train-org-img/16035.jpg,train/train-label-img/16035_lab.png,train
16036,train,,train/train-org-img/16036.jpg,train/train-label-img/16036_lab.png,train
16037,train,,train/train-org-img/16037.jpg,train/train-label-img/16037_lab.png,train
16038,train,,train/train-org-img/16038.jpg,train/train-label-img/16038_lab.png,train
16039,train,,train/train-org-img/16039.jpg,train/train-label-img/16039_lab.png,train
16040,train,,train/train-org-img/16040.jpg,train/train-label-img/16040_lab.png,train
16042,train,,train/train-org-img/16042.jpg,train/train-label-img/16042_lab.png,train
16043,train,,train/train-org-img/16043.jpg,train/train-label-img/16043_lab.png,train
16045,train,,train/train-org-img/16045.jpg,train/train-label-img/16045_lab.png,train
16046,train,,train/train-org-img/16046.jpg,train/train-label-img/16046_lab.png,train
16047,train,,train/train-org-img/16047.jpg,train/train-label-img/16047_lab.png,train
16048,train,,train/train-org-img/16048.jpg,train/train-label-img/16048_lab.png,train
16053,train,,train/train-org-img/16053.jpg,train/train-label-img/16053_lab.png,train
16054,train,,train/train-org-img/16054.jpg,train/train-label-img/16054_lab.png,train
16055,train,,train/train-org-img/16055.jpg,train/train-label-img/16055_lab.png,train
16056,train,,train/train-org-img/16056.jpg,train/train-label-img/16056_lab.png,train
16057,train,,train/train-org-img/16057.jpg,train/train-label-img/16057_lab.png,train
16058,train,,train/train-org-img/16058.jpg,train/train-label-img/16058_lab.png,train
16059,train,,train/train-org-img/16059.jpg,train/train-label-img/16059_lab.png,train
16060,train,,train/train-org-img/16060.jpg,train/train-label-img/16060_lab.png,train
16061,train,,train/train-org-img/16061.jpg,train/train-label-img/16061_lab.png,train
16062,train,,train/train-org-img/16062.jpg,train/train-label-img/16062_lab.png,train
16063,train,,train/train-org-img/16063.jpg,train/train-label-img/16063_lab.png,train
16065,train,,train/train-org-img/16065.jpg,train/train-label-img/16065_lab.png,train
16068,train,,train/train-org-img/16068.jpg,train/train-label-img/16068_lab.png,train
16069,train,,train/train-org-img/16069.jpg,train/train-label-img/16069_lab.png,train
16071,train,,train/train-org-img/16071.jpg,train/train-label-img/16071_lab.png,train
16072,train,,train/train-org-img/16072.jpg,train/train-label-img/16072_lab.png,train
16074,train,,train/train-org-img/16074.jpg,train/train-label-img/16074_lab.png,train
16075,train,,train/train-org-img/16075.jpg,train/train-label-img/16075_lab.png,train
16077,train,,train/train-org-img/16077.jpg,train/train-label-img/16077_lab.png,train
16078,train,,train/train-org-img/16078.jpg,train/train-label-img/16078_lab.png,train
16081,train,,train/train-org-img/16081.jpg,train/train-label-img/16081_lab.png,train
16082,train,,train/train-org-img/16082.jpg,train/train-label-img/16082_lab.png,train
16083,train,,train/train-org-img/16083.jpg,train/train-label-img/16083_lab.png,train
16085,train,,train/train-org-img/16085.jpg,train/train-label-img/16085_lab.png,train
16086,train,,train/train-org-img/16086.jpg,train/train-label-img/16086_lab.png,train
16087,train,,train/train-org-img/16087.jpg,train/train-label-img/16087_lab.png,train
16089,train,,train/train-org-img/16089.jpg,train/train-label-img/16089_lab.png,train
16090,train,,train/train-org-img/16090.jpg,train/train-label-img/16090_lab.png,train
16091,train,,train/train-org-img/16091.jpg,train/train-label-img/16091_lab.png,train
16092,train,,train/train-org-img/16092.jpg,train/train-label-img/16092_lab.png,train
16093,train,,train/train-org-img/16093.jpg,train/train-label-img/16093_lab.png,train
16094,train,,train/train-org-img/16094.jpg,train/train-label-img/16094_lab.png,train
16095,train,,train/train-org-img/16095.jpg,train/train-label-img/16095_lab.png,train
16221,train,,train/train-org-img/16221.jpg,train/train-label-img/16221_lab.png,train
16222,train,,train/train-org-img/16222.jpg,train/train-label-img/16222_lab.png,train
16223,train,,train/train-org-img/16223.jpg,train/train-label-img/16223_lab.png,train
16224,train,,train/train-org-img/16224.jpg,train/train-label-img/16224_lab.png,train
16225,train,,train/train-org-img/16225.jpg,train/train-label-img/16225_lab.png,train
16226,train,,train/train-org-img/16226.jpg,train/train-label-img/16226_lab.png,train
16227,train,,train/train-org-img/16227.jpg,train/train-label-img/16227_lab.png,train
16228,train,,train/train-org-img/16228.jpg,train/train-label-img/16228_lab.png,train
16229,train,,train/train-org-img/16229.jpg,train/train-label-img/16229_lab.png,train
16230,train,,train/train-org-img/16230.jpg,train/train-label-img/16230_lab.png,train
16296,train,,train/train-org-img/16296.jpg,train/train-label-img/16296_lab.png,train
16297,train,,train/train-org-img/16297.jpg,train/train-label-img/16297_lab.png,train
16298,train,,train/train-org-img/16298.jpg,train/train-label-img/16298_lab.png,train
16299,train,,train/train-org-img/16299.jpg,train/train-label-img/16299_lab.png,train
16300,train,,train/train-org-img/16300.jpg,train/train-label-img/16300_lab.png,train
16302,train,,train/train-org-img/16302.jpg,train/train-label-img/16302_lab.png,train
16303,train,,train/train-org-img/16303.jpg,train/train-label-img/16303_lab.png,train
16304,train,,train/train-org-img/16304.jpg,train/train-label-img/16304_lab.png,train
16305,train,,train/train-org-img/16305.jpg,train/train-label-img/16305_lab.png,train
16306,train,,train/train-org-img/16306.jpg,train/train-label-img/16306_lab.png,train
16307,train,,train/train-org-img/16307.jpg,train/train-label-img/16307_lab.png,train
16308,train,,train/train-org-img/16308.jpg,train/train-label-img/16308_lab.png,train
16309,train,,train/train-org-img/16309.jpg,train/train-label-img/16309_lab.png,train
16310,train,,train/train-org-img/16310.jpg,train/train-label-img/16310_lab.png,train
16311,train,,train/train-org-img/16311.jpg,train/train-label-img/16311_lab.png,train
16312,train,,train/train-org-img/16312.jpg,train/train-label-img/16312_lab.png,train
16315,train,,train/train-org-img/16315.jpg,train/train-label-img/16315_lab.png,train
16320,train,,train/train-org-img/16320.jpg,train/train-label-img/16320_lab.png,train
16321,train,,train/train-org-img/16321.jpg,train/train-label-img/16321_lab.png,train
16322,train,,train/train-org-img/16322.jpg,train/train-label-img/16322_lab.png,train
16324,train,,train/train-org-img/16324.jpg,train/train-label-img/16324_lab.png,train
16325,train,,train/train-org-img/16325.jpg,train/train-label-img/16325_lab.png,train
16330,train,,train/train-org-img/16330.jpg,train/train-label-img/16330_lab.png,train
16331,train,,train/train-org-img/16331.jpg,train/train-label-img/16331_lab.png,train
16332,train,,train/train-org-img/16332.jpg,train/train-label-img/16332_lab.png,train
16496,train,,train/train-org-img/16496.jpg,train/train-label-img/16496_lab.png,train
16498,train,,train/train-org-img/16498.jpg,train/train-label-img/16498_lab.png,train
16501,train,,train/train-org-img/16501.jpg,train/train-label-img/16501_lab.png,train
16502,train,,train/train-org-img/16502.jpg,train/train-label-img/16502_lab.png,train
16503,train,,train/train-org-img/16503.jpg,train/train-label-img/16503_lab.png,train
20413,train,,train/train-org-img/20413.jpg,train/train-label-img/20413_lab.png,train
20414,train,,train/train-org-img/20414.jpg,train/train-label-img/20414_lab.png,train
20415,train,,train/train-org-img/20415.jpg,train/train-label-img/20415_lab.png,train
20416,train,,train/train-org-img/20416.jpg,train/train-label-img/20416_lab.png,train
20417,train,,train/train-org-img/20417.jpg,train/train-label-img/20417_lab.png,train
20419,train,,train/train-org-img/20419.jpg,train/train-label-img/20419_lab.png,train
20420,train,,train/train-org-img/20420.jpg,train/train-label-img/20420_lab.png,train
20422,train,,train/train-org-img/20422.jpg,train/train-label-img/20422_lab.png,train
20423,train,,train/train-org-img/20423.jpg,train/train-label-img/20423_lab.png,train
20424,train,,train/train-org-img/20424.jpg,train/train-label-img/20424_lab.png,train
20425,train,,train/train-org-img/20425.jpg,train/train-label-img/20425_lab.png,train
20426,train,,train/train-org-img/20426.jpg,train/train-label-img/20426_lab.png,train
20427,train,,train/train-org-img/20427.jpg,train/train-label-img/20427_lab.png,train
20429,train,,train/train-org-img/20429.jpg,train/train-label-img/20429_lab.png,train
20430,train,,train/train-org-img/20430.jpg,train/train-label-img/20430_lab.png,train
20431,train,,train/train-org-img/20431.jpg,train/train-label-img/20431_lab.png,train
20432,train,,train/train-org-img/20432.jpg,train/train-label-img/20432_lab.png,train
20433,train,,train/train-org-img/20433.jpg,train/train-label-img/20433_lab.png,train
20434,train,,train/train-org-img/20434.jpg,train/train-label-img/20434_lab.png,train
20435,train,,train/train-org-img/20435.jpg,train/train-label-img/20435_lab.png,train
20438,train,,train/train-org-img/20438.jpg,train/train-label-img/20438_lab.png,train
10781,validation,,val/val-org-img/10781.jpg,val/val-label-img/10781_lab.png,validation
10793,validation,,val/val-org-img/10793.jpg,val/val-label-img/10793_lab.png,validation
10803,validation,,val/val-org-img/10803.jpg,val/val-label-img/10803_lab.png,validation
10834,validation,,val/val-org-img/10834.jpg,val/val-label-img/10834_lab.png,validation
10842,validation,,val/val-org-img/10842.jpg,val/val-label-img/10842_lab.png,validation
10860,validation,,val/val-org-img/10860.jpg,val/val-label-img/10860_lab.png,validation
10866,validation,,val/val-org-img/10866.jpg,val/val-label-img/10866_lab.png,validation
10869,validation,,val/val-org-img/10869.jpg,val/val-label-img/10869_lab.png,validation
10892,validation,,val/val-org-img/10892.jpg,val/val-label-img/10892_lab.png,validation
10925,validation,,val/val-org-img/10925.jpg,val/val-label-img/10925_lab.png,validation
10942,validation,,val/val-org-img/10942.jpg,val/val-label-img/10942_lab.png,validation
10954,validation,,val/val-org-img/10954.jpg,val/val-label-img/10954_lab.png,validation
10963,validation,,val/val-org-img/10963.jpg,val/val-label-img/10963_lab.png,validation
10966,validation,,val/val-org-img/10966.jpg,val/val-label-img/10966_lab.png,validation
10968,validation,,val/val-org-img/10968.jpg,val/val-label-img/10968_lab.png,validation
10970,validation,,val/val-org-img/10970.jpg,val/val-label-img/10970_lab.png,validation
10985,validation,,val/val-org-img/10985.jpg,val/val-label-img/10985_lab.png,validation
10997,validation,,val/val-org-img/10997.jpg,val/val-label-img/10997_lab.png,validation
11000,validation,,val/val-org-img/11000.jpg,val/val-label-img/11000_lab.png,validation
11005,validation,,val/val-org-img/11005.jpg,val/val-label-img/11005_lab.png,validation
11015,validation,,val/val-org-img/11015.jpg,val/val-label-img/11015_lab.png,validation
11018,validation,,val/val-org-img/11018.jpg,val/val-label-img/11018_lab.png,validation
11046,validation,,val/val-org-img/11046.jpg,val/val-label-img/11046_lab.png,validation
11070,validation,,val/val-org-img/11070.jpg,val/val-label-img/11070_lab.png,validation
11072,validation,,val/val-org-img/11072.jpg,val/val-label-img/11072_lab.png,validation
11086,validation,,val/val-org-img/11086.jpg,val/val-label-img/11086_lab.png,validation
11113,validation,,val/val-org-img/11113.jpg,val/val-label-img/11113_lab.png,validation
11116,validation,,val/val-org-img/11116.jpg,val/val-label-img/11116_lab.png,validation
11122,validation,,val/val-org-img/11122.jpg,val/val-label-img/11122_lab.png,validation
11125,validation,,val/val-org-img/11125.jpg,val/val-label-img/11125_lab.png,validation
11133,validation,,val/val-org-img/11133.jpg,val/val-label-img/11133_lab.png,validation
11142,validation,,val/val-org-img/11142.jpg,val/val-label-img/11142_lab.png,validation
11143,validation,,val/val-org-img/11143.jpg,val/val-label-img/11143_lab.png,validation
11144,validation,,val/val-org-img/11144.jpg,val/val-label-img/11144_lab.png,validation
11150,validation,,val/val-org-img/11150.jpg,val/val-label-img/11150_lab.png,validation
11160,validation,,val/val-org-img/11160.jpg,val/val-label-img/11160_lab.png,validation
11177,validation,,val/val-org-img/11177.jpg,val/val-label-img/11177_lab.png,validation
11184,validation,,val/val-org-img/11184.jpg,val/val-label-img/11184_lab.png,validation
11186,validation,,val/val-org-img/11186.jpg,val/val-label-img/11186_lab.png,validation
11191,validation,,val/val-org-img/11191.jpg,val/val-label-img/11191_lab.png,validation
11207,validation,,val/val-org-img/11207.jpg,val/val-label-img/11207_lab.png,validation
11211,validation,,val/val-org-img/11211.jpg,val/val-label-img/11211_lab.png,validation
11230,validation,,val/val-org-img/11230.jpg,val/val-label-img/11230_lab.png,validation
11231,validation,,val/val-org-img/11231.jpg,val/val-label-img/11231_lab.png,validation
11251,validation,,val/val-org-img/11251.jpg,val/val-label-img/11251_lab.png,validation
11259,validation,,val/val-org-img/11259.jpg,val/val-label-img/11259_lab.png,validation
11266,validation,,val/val-org-img/11266.jpg,val/val-label-img/11266_lab.png,validation
11275,validation,,val/val-org-img/11275.jpg,val/val-label-img/11275_lab.png,validation
11283,validation,,val/val-org-img/11283.jpg,val/val-label-img/11283_lab.png,validation
11288,validation,,val/val-org-img/11288.jpg,val/val-label-img/11288_lab.png,validation
11304,validation,,val/val-org-img/11304.jpg,val/val-label-img/11304_lab.png,validation
11307,validation,,val/val-org-img/11307.jpg,val/val-label-img/11307_lab.png,validation
11313,validation,,val/val-org-img/11313.jpg,val/val-label-img/11313_lab.png,validation
11336,validation,,val/val-org-img/11336.jpg,val/val-label-img/11336_lab.png,validation
11337,validation,,val/val-org-img/11337.jpg,val/val-label-img/11337_lab.png,validation
11345,validation,,val/val-org-img/11345.jpg,val/val-label-img/11345_lab.png,validation
11346,validation,,val/val-org-img/11346.jpg,val/val-label-img/11346_lab.png,validation
11359,validation,,val/val-org-img/11359.jpg,val/val-label-img/11359_lab.png,validation
11372,validation,,val/val-org-img/11372.jpg,val/val-label-img/11372_lab.png,validation
11384,validation,,val/val-org-img/11384.jpg,val/val-label-img/11384_lab.png,validation
11391,validation,,val/val-org-img/11391.jpg,val/val-label-img/11391_lab.png,validation
11392,validation,,val/val-org-img/11392.jpg,val/val-label-img/11392_lab.png,validation
11403,validation,,val/val-org-img/11403.jpg,val/val-label-img/11403_lab.png,validation
11420,validation,,val/val-org-img/11420.jpg,val/val-label-img/11420_lab.png,validation
11421,validation,,val/val-org-img/11421.jpg,val/val-label-img/11421_lab.png,validation
11437,validation,,val/val-org-img/11437.jpg,val/val-label-img/11437_lab.png,validation
11451,validation,,val/val-org-img/11451.jpg,val/val-label-img/11451_lab.png,validation
11452,validation,,val/val-org-img/11452.jpg,val/val-label-img/11452_lab.png,validation
11458,validation,,val/val-org-img/11458.jpg,val/val-label-img/11458_lab.png,validation
11462,validation,,val/val-org-img/11462.jpg,val/val-label-img/11462_lab.png,validation
11481,validation,,val/val-org-img/11481.jpg,val/val-label-img/11481_lab.png,validation
11482,validation,,val/val-org-img/11482.jpg,val/val-label-img/11482_lab.png,validation
11491,validation,,val/val-org-img/11491.jpg,val/val-label-img/11491_lab.png,validation
11511,validation,,val/val-org-img/11511.jpg,val/val-label-img/11511_lab.png,validation
11521,validation,,val/val-org-img/11521.jpg,val/val-label-img/11521_lab.png,validation
11553,validation,,val/val-org-img/11553.jpg,val/val-label-img/11553_lab.png,validation
11556,validation,,val/val-org-img/11556.jpg,val/val-label-img/11556_lab.png,validation
11610,validation,,val/val-org-img/11610.jpg,val/val-label-img/11610_lab.png,validation
11618,validation,,val/val-org-img/11618.jpg,val/val-label-img/11618_lab.png,validation
11631,validation,,val/val-org-img/11631.jpg,val/val-label-img/11631_lab.png,validation
11639,validation,,val/val-org-img/11639.jpg,val/val-label-img/11639_lab.png,validation
11650,validation,,val/val-org-img/11650.jpg,val/val-label-img/11650_lab.png,validation
11654,validation,,val/val-org-img/11654.jpg,val/val-label-img/11654_lab.png,validation
11655,validation,,val/val-org-img/11655.jpg,val/val-label-img/11655_lab.png,validation
11680,validation,,val/val-org-img/11680.jpg,val/val-label-img/11680_lab.png,validation
11687,validation,,val/val-org-img/11687.jpg,val/val-label-img/11687_lab.png,validation
11690,validation,,val/val-org-img/11690.jpg,val/val-label-img/11690_lab.png,validation
11696,validation,,val/val-org-img/11696.jpg,val/val-label-img/11696_lab.png,validation
11702,validation,,val/val-org-img/11702.jpg,val/val-label-img/11702_lab.png,validation
11703,validation,,val/val-org-img/11703.jpg,val/val-label-img/11703_lab.png,validation
11712,validation,,val/val-org-img/11712.jpg,val/val-label-img/11712_lab.png,validation
11714,validation,,val/val-org-img/11714.jpg,val/val-label-img/11714_lab.png,validation
11725,validation,,val/val-org-img/11725.jpg,val/val-label-img/11725_lab.png,validation
11768,validation,,val/val-org-img/11768.jpg,val/val-label-img/11768_lab.png,validation
11769,validation,,val/val-org-img/11769.jpg,val/val-label-img/11769_lab.png,validation
11818,validation,,val/val-org-img/11818.jpg,val/val-label-img/11818_lab.png,validation
11823,validation,,val/val-org-img/11823.jpg,val/val-label-img/11823_lab.png,validation
11826,validation,,val/val-org-img/11826.jpg,val/val-label-img/11826_lab.png,validation
11836,validation,,val/val-org-img/11836.jpg,val/val-label-img/11836_lab.png,validation
11842,validation,,val/val-org-img/11842.jpg,val/val-label-img/11842_lab.png,validation
11859,validation,,val/val-org-img/11859.jpg,val/val-label-img/11859_lab.png,validation
11868,validation,,val/val-org-img/11868.jpg,val/val-label-img/11868_lab.png,validation
11876,validation,,val/val-org-img/11876.jpg,val/val-label-img/11876_lab.png,validation
11890,validation,,val/val-org-img/11890.jpg,val/val-label-img/11890_lab.png,validation
11905,validation,,val/val-org-img/11905.jpg,val/val-label-img/11905_lab.png,validation
11932,validation,,val/val-org-img/11932.jpg,val/val-label-img/11932_lab.png,validation
11936,validation,,val/val-org-img/11936.jpg,val/val-label-img/11936_lab.png,validation
11999,validation,,val/val-org-img/11999.jpg,val/val-label-img/11999_lab.png,validation
12003,validation,,val/val-org-img/12003.jpg,val/val-label-img/12003_lab.png,validation
12016,validation,,val/val-org-img/12016.jpg,val/val-label-img/12016_lab.png,validation
12017,validation,,val/val-org-img/12017.jpg,val/val-label-img/12017_lab.png,validation
12024,validation,,val/val-org-img/12024.jpg,val/val-label-img/12024_lab.png,validation
12034,validation,,val/val-org-img/12034.jpg,val/val-label-img/12034_lab.png,validation
12036,validation,,val/val-org-img/12036.jpg,val/val-label-img/12036_lab.png,validation
12045,validation,,val/val-org-img/12045.jpg,val/val-label-img/12045_lab.png,validation
12047,validation,,val/val-org-img/12047.jpg,val/val-label-img/12047_lab.png,validation
12069,validation,,val/val-org-img/12069.jpg,val/val-label-img/12069_lab.png,validation
12077,validation,,val/val-org-img/12077.jpg,val/val-label-img/12077_lab.png,validation
12078,validation,,val/val-org-img/12078.jpg,val/val-label-img/12078_lab.png,validation
12081,validation,,val/val-org-img/12081.jpg,val/val-label-img/12081_lab.png,validation
12087,validation,,val/val-org-img/12087.jpg,val/val-label-img/12087_lab.png,validation
12091,validation,,val/val-org-img/12091.jpg,val/val-label-img/12091_lab.png,validation
12093,validation,,val/val-org-img/12093.jpg,val/val-label-img/12093_lab.png,validation
12107,validation,,val/val-org-img/12107.jpg,val/val-label-img/12107_lab.png,validation
12119,validation,,val/val-org-img/12119.jpg,val/val-label-img/12119_lab.png,validation
12126,validation,,val/val-org-img/12126.jpg,val/val-label-img/12126_lab.png,validation
12133,validation,,val/val-org-img/12133.jpg,val/val-label-img/12133_lab.png,validation
12134,validation,,val/val-org-img/12134.jpg,val/val-label-img/12134_lab.png,validation
12148,validation,,val/val-org-img/12148.jpg,val/val-label-img/12148_lab.png,validation
12168,validation,,val/val-org-img/12168.jpg,val/val-label-img/12168_lab.png,validation
12182,validation,,val/val-org-img/12182.jpg,val/val-label-img/12182_lab.png,validation
12214,validation,,val/val-org-img/12214.jpg,val/val-label-img/12214_lab.png,validation
12221,validation,,val/val-org-img/12221.jpg,val/val-label-img/12221_lab.png,validation
12224,validation,,val/val-org-img/12224.jpg,val/val-label-img/12224_lab.png,validation
12234,validation,,val/val-org-img/12234.jpg,val/val-label-img/12234_lab.png,validation
12236,validation,,val/val-org-img/12236.jpg,val/val-label-img/12236_lab.png,validation
12238,validation,,val/val-org-img/12238.jpg,val/val-label-img/12238_lab.png,validation
12259,validation,,val/val-org-img/12259.jpg,val/val-label-img/12259_lab.png,validation
12266,validation,,val/val-org-img/12266.jpg,val/val-label-img/12266_lab.png,validation
12276,validation,,val/val-org-img/12276.jpg,val/val-label-img/12276_lab.png,validation
12298,validation,,val/val-org-img/12298.jpg,val/val-label-img/12298_lab.png,validation
12320,validation,,val/val-org-img/12320.jpg,val/val-label-img/12320_lab.png,validation
12324,validation,,val/val-org-img/12324.jpg,val/val-label-img/12324_lab.png,validation
12327,validation,,val/val-org-img/12327.jpg,val/val-label-img/12327_lab.png,validation
12339,validation,,val/val-org-img/12339.jpg,val/val-label-img/12339_lab.png,validation
12365,validation,,val/val-org-img/12365.jpg,val/val-label-img/12365_lab.png,validation
12389,validation,,val/val-org-img/12389.jpg,val/val-label-img/12389_lab.png,validation
12437,validation,,val/val-org-img/12437.jpg,val/val-label-img/12437_lab.png,validation
12440,validation,,val/val-org-img/12440.jpg,val/val-label-img/12440_lab.png,validation
12469,validation,,val/val-org-img/12469.jpg,val/val-label-img/12469_lab.png,validation
12479,validation,,val/val-org-img/12479.jpg,val/val-label-img/12479_lab.png,validation
12482,validation,,val/val-org-img/12482.jpg,val/val-label-img/12482_lab.png,validation
12485,validation,,val/val-org-img/12485.jpg,val/val-label-img/12485_lab.png,validation
12493,validation,,val/val-org-img/12493.jpg,val/val-label-img/12493_lab.png,validation
12501,validation,,val/val-org-img/12501.jpg,val/val-label-img/12501_lab.png,validation
12512,validation,,val/val-org-img/12512.jpg,val/val-label-img/12512_lab.png,validation
12514,validation,,val/val-org-img/12514.jpg,val/val-label-img/12514_lab.png,validation
12538,validation,,val/val-org-img/12538.jpg,val/val-label-img/12538_lab.png,validation
12544,validation,,val/val-org-img/12544.jpg,val/val-label-img/12544_lab.png,validation
12548,validation,,val/val-org-img/12548.jpg,val/val-label-img/12548_lab.png,validation
12549,validation,,val/val-org-img/12549.jpg,val/val-label-img/12549_lab.png,validation
12558,validation,,val/val-org-img/12558.jpg,val/val-label-img/12558_lab.png,validation
12559,validation,,val/val-org-img/12559.jpg,val/val-label-img/12559_lab.png,validation
12571,validation,,val/val-org-img/12571.jpg,val/val-label-img/12571_lab.png,validation
12575,validation,,val/val-org-img/12575.jpg,val/val-label-img/12575_lab.png,validation
12582,validation,,val/val-org-img/12582.jpg,val/val-label-img/12582_lab.png,validation
12592,validation,,val/val-org-img/12592.jpg,val/val-label-img/12592_lab.png,validation
12596,validation,,val/val-org-img/12596.jpg,val/val-label-img/12596_lab.png,validation
12608,validation,,val/val-org-img/12608.jpg,val/val-label-img/12608_lab.png,validation
12639,validation,,val/val-org-img/12639.jpg,val/val-label-img/12639_lab.png,validation
12645,validation,,val/val-org-img/12645.jpg,val/val-label-img/12645_lab.png,validation
12652,validation,,val/val-org-img/12652.jpg,val/val-label-img/12652_lab.png,validation
12658,validation,,val/val-org-img/12658.jpg,val/val-label-img/12658_lab.png,validation
12667,validation,,val/val-org-img/12667.jpg,val/val-label-img/12667_lab.png,validation
12673,validation,,val/val-org-img/12673.jpg,val/val-label-img/12673_lab.png,validation
12694,validation,,val/val-org-img/12694.jpg,val/val-label-img/12694_lab.png,validation
12695,validation,,val/val-org-img/12695.jpg,val/val-label-img/12695_lab.png,validation
12722,validation,,val/val-org-img/12722.jpg,val/val-label-img/12722_lab.png,validation
12727,validation,,val/val-org-img/12727.jpg,val/val-label-img/12727_lab.png,validation
12733,validation,,val/val-org-img/12733.jpg,val/val-label-img/12733_lab.png,validation
12741,validation,,val/val-org-img/12741.jpg,val/val-label-img/12741_lab.png,validation
12746,validation,,val/val-org-img/12746.jpg,val/val-label-img/12746_lab.png,validation
12800,validation,,val/val-org-img/12800.jpg,val/val-label-img/12800_lab.png,validation
12806,validation,,val/val-org-img/12806.jpg,val/val-label-img/12806_lab.png,validation
12810,validation,,val/val-org-img/12810.jpg,val/val-label-img/12810_lab.png,validation
12830,validation,,val/val-org-img/12830.jpg,val/val-label-img/12830_lab.png,validation
12857,validation,,val/val-org-img/12857.jpg,val/val-label-img/12857_lab.png,validation
12887,validation,,val/val-org-img/12887.jpg,val/val-label-img/12887_lab.png,validation
12898,validation,,val/val-org-img/12898.jpg,val/val-label-img/12898_lab.png,validation
12915,validation,,val/val-org-img/12915.jpg,val/val-label-img/12915_lab.png,validation
12917,validation,,val/val-org-img/12917.jpg,val/val-label-img/12917_lab.png,validation
12924,validation,,val/val-org-img/12924.jpg,val/val-label-img/12924_lab.png,validation
12931,validation,,val/val-org-img/12931.jpg,val/val-label-img/12931_lab.png,validation
12932,validation,,val/val-org-img/12932.jpg,val/val-label-img/12932_lab.png,validation
12950,validation,,val/val-org-img/12950.jpg,val/val-label-img/12950_lab.png,validation
12954,validation,,val/val-org-img/12954.jpg,val/val-label-img/12954_lab.png,validation
12960,validation,,val/val-org-img/12960.jpg,val/val-label-img/12960_lab.png,validation
12961,validation,,val/val-org-img/12961.jpg,val/val-label-img/12961_lab.png,validation
12974,validation,,val/val-org-img/12974.jpg,val/val-label-img/12974_lab.png,validation
12998,validation,,val/val-org-img/12998.jpg,val/val-label-img/12998_lab.png,validation
13013,validation,,val/val-org-img/13013.jpg,val/val-label-img/13013_lab.png,validation
13027,validation,,val/val-org-img/13027.jpg,val/val-label-img/13027_lab.png,validation
13031,validation,,val/val-org-img/13031.jpg,val/val-label-img/13031_lab.png,validation
13040,validation,,val/val-org-img/13040.jpg,val/val-label-img/13040_lab.png,validation
13045,validation,,val/val-org-img/13045.jpg,val/val-label-img/13045_lab.png,validation
13048,validation,,val/val-org-img/13048.jpg,val/val-label-img/13048_lab.png,validation
13049,validation,,val/val-org-img/13049.jpg,val/val-label-img/13049_lab.png,validation
13082,validation,,val/val-org-img/13082.jpg,val/val-label-img/13082_lab.png,validation
13085,validation,,val/val-org-img/13085.jpg,val/val-label-img/13085_lab.png,validation
13103,validation,,val/val-org-img/13103.jpg,val/val-label-img/13103_lab.png,validation
13108,validation,,val/val-org-img/13108.jpg,val/val-label-img/13108_lab.png,validation
13128,validation,,val/val-org-img/13128.jpg,val/val-label-img/13128_lab.png,validation
13155,validation,,val/val-org-img/13155.jpg,val/val-label-img/13155_lab.png,validation
13158,validation,,val/val-org-img/13158.jpg,val/val-label-img/13158_lab.png,validation
13174,validation,,val/val-org-img/13174.jpg,val/val-label-img/13174_lab.png,validation
13175,validation,,val/val-org-img/13175.jpg,val/val-label-img/13175_lab.png,validation
13180,validation,,val/val-org-img/13180.jpg,val/val-label-img/13180_lab.png,validation
13200,validation,,val/val-org-img/13200.jpg,val/val-label-img/13200_lab.png,validation
13210,validation,,val/val-org-img/13210.jpg,val/val-label-img/13210_lab.png,validation
13211,validation,,val/val-org-img/13211.jpg,val/val-label-img/13211_lab.png,validation
13228,validation,,val/val-org-img/13228.jpg,val/val-label-img/13228_lab.png,validation
13251,validation,,val/val-org-img/13251.jpg,val/val-label-img/13251_lab.png,validation
13258,validation,,val/val-org-img/13258.jpg,val/val-label-img/13258_lab.png,validation
13261,validation,,val/val-org-img/13261.jpg,val/val-label-img/13261_lab.png,validation
13262,validation,,val/val-org-img/13262.jpg,val/val-label-img/13262_lab.png,validation
13264,validation,,val/val-org-img/13264.jpg,val/val-label-img/13264_lab.png,validation
13265,validation,,val/val-org-img/13265.jpg,val/val-label-img/13265_lab.png,validation
13266,validation,,val/val-org-img/13266.jpg,val/val-label-img/13266_lab.png,validation
13311,validation,,val/val-org-img/13311.jpg,val/val-label-img/13311_lab.png,validation
13316,validation,,val/val-org-img/13316.jpg,val/val-label-img/13316_lab.png,validation
13321,validation,,val/val-org-img/13321.jpg,val/val-label-img/13321_lab.png,validation
13323,validation,,val/val-org-img/13323.jpg,val/val-label-img/13323_lab.png,validation
13328,validation,,val/val-org-img/13328.jpg,val/val-label-img/13328_lab.png,validation
13329,validation,,val/val-org-img/13329.jpg,val/val-label-img/13329_lab.png,validation
13331,validation,,val/val-org-img/13331.jpg,val/val-label-img/13331_lab.png,validation
13333,validation,,val/val-org-img/13333.jpg,val/val-label-img/13333_lab.png,validation
13338,validation,,val/val-org-img/13338.jpg,val/val-label-img/13338_lab.png,validation
13350,validation,,val/val-org-img/13350.jpg,val/val-label-img/13350_lab.png,validation
13358,validation,,val/val-org-img/13358.jpg,val/val-label-img/13358_lab.png,validation
13388,validation,,val/val-org-img/13388.jpg,val/val-label-img/13388_lab.png,validation
13392,validation,,val/val-org-img/13392.jpg,val/val-label-img/13392_lab.png,validation
13401,validation,,val/val-org-img/13401.jpg,val/val-label-img/13401_lab.png,validation
13418,validation,,val/val-org-img/13418.jpg,val/val-label-img/13418_lab.png,validation
13423,validation,,val/val-org-img/13423.jpg,val/val-label-img/13423_lab.png,validation
13427,validation,,val/val-org-img/13427.jpg,val/val-label-img/13427_lab.png,validation
13429,validation,,val/val-org-img/13429.jpg,val/val-label-img/13429_lab.png,validation
13432,validation,,val/val-org-img/13432.jpg,val/val-label-img/13432_lab.png,validation
13439,validation,,val/val-org-img/13439.jpg,val/val-label-img/13439_lab.png,validation
13447,validation,,val/val-org-img/13447.jpg,val/val-label-img/13447_lab.png,validation
13450,validation,,val/val-org-img/13450.jpg,val/val-label-img/13450_lab.png,validation
13452,validation,,val/val-org-img/13452.jpg,val/val-label-img/13452_lab.png,validation
13456,validation,,val/val-org-img/13456.jpg,val/val-label-img/13456_lab.png,validation
13464,validation,,val/val-org-img/13464.jpg,val/val-label-img/13464_lab.png,validation
13465,validation,,val/val-org-img/13465.jpg,val/val-label-img/13465_lab.png,validation
13469,validation,,val/val-org-img/13469.jpg,val/val-label-img/13469_lab.png,validation
13497,validation,,val/val-org-img/13497.jpg,val/val-label-img/13497_lab.png,validation
13513,validation,,val/val-org-img/13513.jpg,val/val-label-img/13513_lab.png,validation
13520,validation,,val/val-org-img/13520.jpg,val/val-label-img/13520_lab.png,validation
13525,validation,,val/val-org-img/13525.jpg,val/val-label-img/13525_lab.png,validation
13563,validation,,val/val-org-img/13563.jpg,val/val-label-img/13563_lab.png,validation
13564,validation,,val/val-org-img/13564.jpg,val/val-label-img/13564_lab.png,validation
13566,validation,,val/val-org-img/13566.jpg,val/val-label-img/13566_lab.png,validation
13629,validation,,val/val-org-img/13629.jpg,val/val-label-img/13629_lab.png,validation
13645,validation,,val/val-org-img/13645.jpg,val/val-label-img/13645_lab.png,validation
13655,validation,,val/val-org-img/13655.jpg,val/val-label-img/13655_lab.png,validation
13666,validation,,val/val-org-img/13666.jpg,val/val-label-img/13666_lab.png,validation
13670,validation,,val/val-org-img/13670.jpg,val/val-label-img/13670_lab.png,validation
13674,validation,,val/val-org-img/13674.jpg,val/val-label-img/13674_lab.png,validation
13682,validation,,val/val-org-img/13682.jpg,val/val-label-img/13682_lab.png,validation
13683,validation,,val/val-org-img/13683.jpg,val/val-label-img/13683_lab.png,validation
13691,validation,,val/val-org-img/13691.jpg,val/val-label-img/13691_lab.png,validation
13703,validation,,val/val-org-img/13703.jpg,val/val-label-img/13703_lab.png,validation
13706,validation,,val/val-org-img/13706.jpg,val/val-label-img/13706_lab.png,validation
13737,validation,,val/val-org-img/13737.jpg,val/val-label-img/13737_lab.png,validation
13743,validation,,val/val-org-img/13743.jpg,val/val-label-img/13743_lab.png,validation
13775,validation,,val/val-org-img/13775.jpg,val/val-label-img/13775_lab.png,validation
13812,validation,,val/val-org-img/13812.jpg,val/val-label-img/13812_lab.png,validation
13868,validation,,val/val-org-img/13868.jpg,val/val-label-img/13868_lab.png,validation
13879,validation,,val/val-org-img/13879.jpg,val/val-label-img/13879_lab.png,validation
13956,validation,,val/val-org-img/13956.jpg,val/val-label-img/13956_lab.png,validation
13992,validation,,val/val-org-img/13992.jpg,val/val-label-img/13992_lab.png,validation
13999,validation,,val/val-org-img/13999.jpg,val/val-label-img/13999_lab.png,validation
14027,validation,,val/val-org-img/14027.jpg,val/val-label-img/14027_lab.png,validation
14031,validation,,val/val-org-img/14031.jpg,val/val-label-img/14031_lab.png,validation
14035,validation,,val/val-org-img/14035.jpg,val/val-label-img/14035_lab.png,validation
14037,validation,,val/val-org-img/14037.jpg,val/val-label-img/14037_lab.png,validation
14043,validation,,val/val-org-img/14043.jpg,val/val-label-img/14043_lab.png,validation
14061,validation,,val/val-org-img/14061.jpg,val/val-label-img/14061_lab.png,validation
14071,validation,,val/val-org-img/14071.jpg,val/val-label-img/14071_lab.png,validation
14078,validation,,val/val-org-img/14078.jpg,val/val-label-img/14078_lab.png,validation
14092,validation,,val/val-org-img/14092.jpg,val/val-label-img/14092_lab.png,validation
14093,validation,,val/val-org-img/14093.jpg,val/val-label-img/14093_lab.png,validation
14105,validation,,val/val-org-img/14105.jpg,val/val-label-img/14105_lab.png,validation
14106,validation,,val/val-org-img/14106.jpg,val/val-label-img/14106_lab.png,validation
14109,validation,,val/val-org-img/14109.jpg,val/val-label-img/14109_lab.png,validation
14173,validation,,val/val-org-img/14173.jpg,val/val-label-img/14173_lab.png,validation
14208,validation,,val/val-org-img/14208.jpg,val/val-label-img/14208_lab.png,validation
14213,validation,,val/val-org-img/14213.jpg,val/val-label-img/14213_lab.png,validation
14225,validation,,val/val-org-img/14225.jpg,val/val-label-img/14225_lab.png,validation
14228,validation,,val/val-org-img/14228.jpg,val/val-label-img/14228_lab.png,validation
14237,validation,,val/val-org-img/14237.jpg,val/val-label-img/14237_lab.png,validation
14238,validation,,val/val-org-img/14238.jpg,val/val-label-img/14238_lab.png,validation
14248,validation,,val/val-org-img/14248.jpg,val/val-label-img/14248_lab.png,validation
14269,validation,,val/val-org-img/14269.jpg,val/val-label-img/14269_lab.png,validation
14273,validation,,val/val-org-img/14273.jpg,val/val-label-img/14273_lab.png,validation
14292,validation,,val/val-org-img/14292.jpg,val/val-label-img/14292_lab.png,validation
14297,validation,,val/val-org-img/14297.jpg,val/val-label-img/14297_lab.png,validation
14305,validation,,val/val-org-img/14305.jpg,val/val-label-img/14305_lab.png,validation
14306,validation,,val/val-org-img/14306.jpg,val/val-label-img/14306_lab.png,validation
14309,validation,,val/val-org-img/14309.jpg,val/val-label-img/14309_lab.png,validation
14310,validation,,val/val-org-img/14310.jpg,val/val-label-img/14310_lab.png,validation
14311,validation,,val/val-org-img/14311.jpg,val/val-label-img/14311_lab.png,validation
14313,validation,,val/val-org-img/14313.jpg,val/val-label-img/14313_lab.png,validation
14314,validation,,val/val-org-img/14314.jpg,val/val-label-img/14314_lab.png,validation
14318,validation,,val/val-org-img/14318.jpg,val/val-label-img/14318_lab.png,validation
14320,validation,,val/val-org-img/14320.jpg,val/val-label-img/14320_lab.png,validation
14325,validation,,val/val-org-img/14325.jpg,val/val-label-img/14325_lab.png,validation
14342,validation,,val/val-org-img/14342.jpg,val/val-label-img/14342_lab.png,validation
14344,validation,,val/val-org-img/14344.jpg,val/val-label-img/14344_lab.png,validation
14373,validation,,val/val-org-img/14373.jpg,val/val-label-img/14373_lab.png,validation
14419,validation,,val/val-org-img/14419.jpg,val/val-label-img/14419_lab.png,validation
14428,validation,,val/val-org-img/14428.jpg,val/val-label-img/14428_lab.png,validation
14432,validation,,val/val-org-img/14432.jpg,val/val-label-img/14432_lab.png,validation
14540,validation,,val/val-org-img/14540.jpg,val/val-label-img/14540_lab.png,validation
14552,validation,,val/val-org-img/14552.jpg,val/val-label-img/14552_lab.png,validation
14587,validation,,val/val-org-img/14587.jpg,val/val-label-img/14587_lab.png,validation
14596,validation,,val/val-org-img/14596.jpg,val/val-label-img/14596_lab.png,validation
14696,validation,,val/val-org-img/14696.jpg,val/val-label-img/14696_lab.png,validation
14705,validation,,val/val-org-img/14705.jpg,val/val-label-img/14705_lab.png,validation
14716,validation,,val/val-org-img/14716.jpg,val/val-label-img/14716_lab.png,validation
14744,validation,,val/val-org-img/14744.jpg,val/val-label-img/14744_lab.png,validation
14750,validation,,val/val-org-img/14750.jpg,val/val-label-img/14750_lab.png,validation
14758,validation,,val/val-org-img/14758.jpg,val/val-label-img/14758_lab.png,validation
14761,validation,,val/val-org-img/14761.jpg,val/val-label-img/14761_lab.png,validation
14763,validation,,val/val-org-img/14763.jpg,val/val-label-img/14763_lab.png,validation
14768,validation,,val/val-org-img/14768.jpg,val/val-label-img/14768_lab.png,validation
14773,validation,,val/val-org-img/14773.jpg,val/val-label-img/14773_lab.png,validation
14777,validation,,val/val-org-img/14777.jpg,val/val-label-img/14777_lab.png,validation
14802,validation,,val/val-org-img/14802.jpg,val/val-label-img/14802_lab.png,validation
14811,validation,,val/val-org-img/14811.jpg,val/val-label-img/14811_lab.png,validation
14824,validation,,val/val-org-img/14824.jpg,val/val-label-img/14824_lab.png,validation
14829,validation,,val/val-org-img/14829.jpg,val/val-label-img/14829_lab.png,validation
14846,validation,,val/val-org-img/14846.jpg,val/val-label-img/14846_lab.png,validation
14849,validation,,val/val-org-img/14849.jpg,val/val-label-img/14849_lab.png,validation
14852,validation,,val/val-org-img/14852.jpg,val/val-label-img/14852_lab.png,validation
14863,validation,,val/val-org-img/14863.jpg,val/val-label-img/14863_lab.png,validation
14873,validation,,val/val-org-img/14873.jpg,val/val-label-img/14873_lab.png,validation
14876,validation,,val/val-org-img/14876.jpg,val/val-label-img/14876_lab.png,validation
14877,validation,,val/val-org-img/14877.jpg,val/val-label-img/14877_lab.png,validation
14881,validation,,val/val-org-img/14881.jpg,val/val-label-img/14881_lab.png,validation
14900,validation,,val/val-org-img/14900.jpg,val/val-label-img/14900_lab.png,validation
14919,validation,,val/val-org-img/14919.jpg,val/val-label-img/14919_lab.png,validation
14926,validation,,val/val-org-img/14926.jpg,val/val-label-img/14926_lab.png,validation
14935,validation,,val/val-org-img/14935.jpg,val/val-label-img/14935_lab.png,validation
14945,validation,,val/val-org-img/14945.jpg,val/val-label-img/14945_lab.png,validation
14996,validation,,val/val-org-img/14996.jpg,val/val-label-img/14996_lab.png,validation
14997,validation,,val/val-org-img/14997.jpg,val/val-label-img/14997_lab.png,validation
15022,validation,,val/val-org-img/15022.jpg,val/val-label-img/15022_lab.png,validation
15032,validation,,val/val-org-img/15032.jpg,val/val-label-img/15032_lab.png,validation
15056,validation,,val/val-org-img/15056.jpg,val/val-label-img/15056_lab.png,validation
15076,validation,,val/val-org-img/15076.jpg,val/val-label-img/15076_lab.png,validation
15083,validation,,val/val-org-img/15083.jpg,val/val-label-img/15083_lab.png,validation
15087,validation,,val/val-org-img/15087.jpg,val/val-label-img/15087_lab.png,validation
15088,validation,,val/val-org-img/15088.jpg,val/val-label-img/15088_lab.png,validation
15097,validation,,val/val-org-img/15097.jpg,val/val-label-img/15097_lab.png,validation
15103,validation,,val/val-org-img/15103.jpg,val/val-label-img/15103_lab.png,validation
15118,validation,,val/val-org-img/15118.jpg,val/val-label-img/15118_lab.png,validation
15130,validation,,val/val-org-img/15130.jpg,val/val-label-img/15130_lab.png,validation
15133,validation,,val/val-org-img/15133.jpg,val/val-label-img/15133_lab.png,validation
15142,validation,,val/val-org-img/15142.jpg,val/val-label-img/15142_lab.png,validation
15155,validation,,val/val-org-img/15155.jpg,val/val-label-img/15155_lab.png,validation
15157,validation,,val/val-org-img/15157.jpg,val/val-label-img/15157_lab.png,validation
15174,validation,,val/val-org-img/15174.jpg,val/val-label-img/15174_lab.png,validation
15182,validation,,val/val-org-img/15182.jpg,val/val-label-img/15182_lab.png,validation
15184,validation,,val/val-org-img/15184.jpg,val/val-label-img/15184_lab.png,validation
15185,validation,,val/val-org-img/15185.jpg,val/val-label-img/15185_lab.png,validation
15195,validation,,val/val-org-img/15195.jpg,val/val-label-img/15195_lab.png,validation
15214,validation,,val/val-org-img/15214.jpg,val/val-label-img/15214_lab.png,validation
15223,validation,,val/val-org-img/15223.jpg,val/val-label-img/15223_lab.png,validation
15271,validation,,val/val-org-img/15271.jpg,val/val-label-img/15271_lab.png,validation
15275,validation,,val/val-org-img/15275.jpg,val/val-label-img/15275_lab.png,validation
15302,validation,,val/val-org-img/15302.jpg,val/val-label-img/15302_lab.png,validation
15338,validation,,val/val-org-img/15338.jpg,val/val-label-img/15338_lab.png,validation
15346,validation,,val/val-org-img/15346.jpg,val/val-label-img/15346_lab.png,validation
15355,validation,,val/val-org-img/15355.jpg,val/val-label-img/15355_lab.png,validation
15360,validation,,val/val-org-img/15360.jpg,val/val-label-img/15360_lab.png,validation
15364,validation,,val/val-org-img/15364.jpg,val/val-label-img/15364_lab.png,validation
15367,validation,,val/val-org-img/15367.jpg,val/val-label-img/15367_lab.png,validation
15369,validation,,val/val-org-img/15369.jpg,val/val-label-img/15369_lab.png,validation
15383,validation,,val/val-org-img/15383.jpg,val/val-label-img/15383_lab.png,validation
15386,validation,,val/val-org-img/15386.jpg,val/val-label-img/15386_lab.png,validation
15388,validation,,val/val-org-img/15388.jpg,val/val-label-img/15388_lab.png,validation
15398,validation,,val/val-org-img/15398.jpg,val/val-label-img/15398_lab.png,validation
15409,validation,,val/val-org-img/15409.jpg,val/val-label-img/15409_lab.png,validation
15410,validation,,val/val-org-img/15410.jpg,val/val-label-img/15410_lab.png,validation
15411,validation,,val/val-org-img/15411.jpg,val/val-label-img/15411_lab.png,validation
15417,validation,,val/val-org-img/15417.jpg,val/val-label-img/15417_lab.png,validation
15426,validation,,val/val-org-img/15426.jpg,val/val-label-img/15426_lab.png,validation
15434,validation,,val/val-org-img/15434.jpg,val/val-label-img/15434_lab.png,validation
15450,validation,,val/val-org-img/15450.jpg,val/val-label-img/15450_lab.png,validation
15461,validation,,val/val-org-img/15461.jpg,val/val-label-img/15461_lab.png,validation
15465,validation,,val/val-org-img/15465.jpg,val/val-label-img/15465_lab.png,validation
15475,validation,,val/val-org-img/15475.jpg,val/val-label-img/15475_lab.png,validation
15486,validation,,val/val-org-img/15486.jpg,val/val-label-img/15486_lab.png,validation
15500,validation,,val/val-org-img/15500.jpg,val/val-label-img/15500_lab.png,validation
15501,validation,,val/val-org-img/15501.jpg,val/val-label-img/15501_lab.png,validation
15534,validation,,val/val-org-img/15534.jpg,val/val-label-img/15534_lab.png,validation
15556,validation,,val/val-org-img/15556.jpg,val/val-label-img/15556_lab.png,validation
15565,validation,,val/val-org-img/15565.jpg,val/val-label-img/15565_lab.png,validation
15574,validation,,val/val-org-img/15574.jpg,val/val-label-img/15574_lab.png,validation
15580,validation,,val/val-org-img/15580.jpg,val/val-label-img/15580_lab.png,validation
15586,validation,,val/val-org-img/15586.jpg,val/val-label-img/15586_lab.png,validation
15593,validation,,val/val-org-img/15593.jpg,val/val-label-img/15593_lab.png,validation
15610,validation,,val/val-org-img/15610.jpg,val/val-label-img/15610_lab.png,validation
15628,validation,,val/val-org-img/15628.jpg,val/val-label-img/15628_lab.png,validation
15669,validation,,val/val-org-img/15669.jpg,val/val-label-img/15669_lab.png,validation
15676,validation,,val/val-org-img/15676.jpg,val/val-label-img/15676_lab.png,validation
15679,validation,,val/val-org-img/15679.jpg,val/val-label-img/15679_lab.png,validation
15699,validation,,val/val-org-img/15699.jpg,val/val-label-img/15699_lab.png,validation
15703,validation,,val/val-org-img/15703.jpg,val/val-label-img/15703_lab.png,validation
15704,validation,,val/val-org-img/15704.jpg,val/val-label-img/15704_lab.png,validation
15723,validation,,val/val-org-img/15723.jpg,val/val-label-img/15723_lab.png,validation
15738,validation,,val/val-org-img/15738.jpg,val/val-label-img/15738_lab.png,validation
15762,validation,,val/val-org-img/15762.jpg,val/val-label-img/15762_lab.png,validation
15775,validation,,val/val-org-img/15775.jpg,val/val-label-img/15775_lab.png,validation
15806,validation,,val/val-org-img/15806.jpg,val/val-label-img/15806_lab.png,validation
15815,validation,,val/val-org-img/15815.jpg,val/val-label-img/15815_lab.png,validation
15820,validation,,val/val-org-img/15820.jpg,val/val-label-img/15820_lab.png,validation
15848,validation,,val/val-org-img/15848.jpg,val/val-label-img/15848_lab.png,validation
15857,validation,,val/val-org-img/15857.jpg,val/val-label-img/15857_lab.png,validation
15862,validation,,val/val-org-img/15862.jpg,val/val-label-img/15862_lab.png,validation
15879,validation,,val/val-org-img/15879.jpg,val/val-label-img/15879_lab.png,validation
15883,validation,,val/val-org-img/15883.jpg,val/val-label-img/15883_lab.png,validation
15884,validation,,val/val-org-img/15884.jpg,val/val-label-img/15884_lab.png,validation
15895,validation,,val/val-org-img/15895.jpg,val/val-label-img/15895_lab.png,validation
16013,validation,,val/val-org-img/16013.jpg,val/val-label-img/16013_lab.png,validation
16027,validation,,val/val-org-img/16027.jpg,val/val-label-img/16027_lab.png,validation
16030,validation,,val/val-org-img/16030.jpg,val/val-label-img/16030_lab.png,validation
16049,validation,,val/val-org-img/16049.jpg,val/val-label-img/16049_lab.png,validation
16050,validation,,val/val-org-img/16050.jpg,val/val-label-img/16050_lab.png,validation
16066,validation,,val/val-org-img/16066.jpg,val/val-label-img/16066_lab.png,validation
16070,validation,,val/val-org-img/16070.jpg,val/val-label-img/16070_lab.png,validation
16080,validation,,val/val-org-img/16080.jpg,val/val-label-img/16080_lab.png,validation
16231,validation,,val/val-org-img/16231.jpg,val/val-label-img/16231_lab.png,validation
16232,validation,,val/val-org-img/16232.jpg,val/val-label-img/16232_lab.png,validation
16301,validation,,val/val-org-img/16301.jpg,val/val-label-img/16301_lab.png,validation
16329,validation,,val/val-org-img/16329.jpg,val/val-label-img/16329_lab.png,validation
16504,validation,,val/val-org-img/16504.jpg,val/val-label-img/16504_lab.png,validation
20418,validation,,val/val-org-img/20418.jpg,val/val-label-img/20418_lab.png,validation
10794,test,,test/test-org-img/10794.jpg,test/test-label-img/10794_lab.png,test
10801,test,,test/test-org-img/10801.jpg,test/test-label-img/10801_lab.png,test
10807,test,,test/test-org-img/10807.jpg,test/test-label-img/10807_lab.png,test
10808,test,,test/test-org-img/10808.jpg,test/test-label-img/10808_lab.png,test
10836,test,,test/test-org-img/10836.jpg,test/test-label-img/10836_lab.png,test
10838,test,,test/test-org-img/10838.jpg,test/test-label-img/10838_lab.png,test
10844,test,,test/test-org-img/10844.jpg,test/test-label-img/10844_lab.png,test
10849,test,,test/test-org-img/10849.jpg,test/test-label-img/10849_lab.png,test
10856,test,,test/test-org-img/10856.jpg,test/test-label-img/10856_lab.png,test
10890,test,,test/test-org-img/10890.jpg,test/test-label-img/10890_lab.png,test
10894,test,,test/test-org-img/10894.jpg,test/test-label-img/10894_lab.png,test
10917,test,,test/test-org-img/10917.jpg,test/test-label-img/10917_lab.png,test
10923,test,,test/test-org-img/10923.jpg,test/test-label-img/10923_lab.png,test
10950,test,,test/test-org-img/10950.jpg,test/test-label-img/10950_lab.png,test
10955,test,,test/test-org-img/10955.jpg,test/test-label-img/10955_lab.png,test
10957,test,,test/test-org-img/10957.jpg,test/test-label-img/10957_lab.png,test
11024,test,,test/test-org-img/11024.jpg,test/test-label-img/11024_lab.png,test
11028,test,,test/test-org-img/11028.jpg,test/test-label-img/11028_lab.png,test
11038,test,,test/test-org-img/11038.jpg,test/test-label-img/11038_lab.png,test
11045,test,,test/test-org-img/11045.jpg,test/test-label-img/11045_lab.png,test
11050,test,,test/test-org-img/11050.jpg,test/test-label-img/11050_lab.png,test
11074,test,,test/test-org-img/11074.jpg,test/test-label-img/11074_lab.png,test
11084,test,,test/test-org-img/11084.jpg,test/test-label-img/11084_lab.png,test
11087,test,,test/test-org-img/11087.jpg,test/test-label-img/11087_lab.png,test
11089,test,,test/test-org-img/11089.jpg,test/test-label-img/11089_lab.png,test
11096,test,,test/test-org-img/11096.jpg,test/test-label-img/11096_lab.png,test
11101,test,,test/test-org-img/11101.jpg,test/test-label-img/11101_lab.png,test
11102,test,,test/test-org-img/11102.jpg,test/test-label-img/11102_lab.png,test
11103,test,,test/test-org-img/11103.jpg,test/test-label-img/11103_lab.png,test
11112,test,,test/test-org-img/11112.jpg,test/test-label-img/11112_lab.png,test
11117,test,,test/test-org-img/11117.jpg,test/test-label-img/11117_lab.png,test
11121,test,,test/test-org-img/11121.jpg,test/test-label-img/11121_lab.png,test
11145,test,,test/test-org-img/11145.jpg,test/test-label-img/11145_lab.png,test
11148,test,,test/test-org-img/11148.jpg,test/test-label-img/11148_lab.png,test
11151,test,,test/test-org-img/11151.jpg,test/test-label-img/11151_lab.png,test
11180,test,,test/test-org-img/11180.jpg,test/test-label-img/11180_lab.png,test
11195,test,,test/test-org-img/11195.jpg,test/test-label-img/11195_lab.png,test
11199,test,,test/test-org-img/11199.jpg,test/test-label-img/11199_lab.png,test
11204,test,,test/test-org-img/11204.jpg,test/test-label-img/11204_lab.png,test
11236,test,,test/test-org-img/11236.jpg,test/test-label-img/11236_lab.png,test
11238,test,,test/test-org-img/11238.jpg,test/test-label-img/11238_lab.png,test
11242,test,,test/test-org-img/11242.jpg,test/test-label-img/11242_lab.png,test
11257,test,,test/test-org-img/11257.jpg,test/test-label-img/11257_lab.png,test
11269,test,,test/test-org-img/11269.jpg,test/test-label-img/11269_lab.png,test
11272,test,,test/test-org-img/11272.jpg,test/test-label-img/11272_lab.png,test
11282,test,,test/test-org-img/11282.jpg,test/test-label-img/11282_lab.png,test
11290,test,,test/test-org-img/11290.jpg,test/test-label-img/11290_lab.png,test
11298,test,,test/test-org-img/11298.jpg,test/test-label-img/11298_lab.png,test
11306,test,,test/test-org-img/11306.jpg,test/test-label-img/11306_lab.png,test
11310,test,,test/test-org-img/11310.jpg,test/test-label-img/11310_lab.png,test
11312,test,,test/test-org-img/11312.jpg,test/test-label-img/11312_lab.png,test
11317,test,,test/test-org-img/11317.jpg,test/test-label-img/11317_lab.png,test
11324,test,,test/test-org-img/11324.jpg,test/test-label-img/11324_lab.png,test
11332,test,,test/test-org-img/11332.jpg,test/test-label-img/11332_lab.png,test
11343,test,,test/test-org-img/11343.jpg,test/test-label-img/11343_lab.png,test
11358,test,,test/test-org-img/11358.jpg,test/test-label-img/11358_lab.png,test
11386,test,,test/test-org-img/11386.jpg,test/test-label-img/11386_lab.png,test
11388,test,,test/test-org-img/11388.jpg,test/test-label-img/11388_lab.png,test
11401,test,,test/test-org-img/11401.jpg,test/test-label-img/11401_lab.png,test
11415,test,,test/test-org-img/11415.jpg,test/test-label-img/11415_lab.png,test
11419,test,,test/test-org-img/11419.jpg,test/test-label-img/11419_lab.png,test
11426,test,,test/test-org-img/11426.jpg,test/test-label-img/11426_lab.png,test
11441,test,,test/test-org-img/11441.jpg,test/test-label-img/11441_lab.png,test
11453,test,,test/test-org-img/11453.jpg,test/test-label-img/11453_lab.png,test
11459,test,,test/test-org-img/11459.jpg,test/test-label-img/11459_lab.png,test
11461,test,,test/test-org-img/11461.jpg,test/test-label-img/11461_lab.png,test
11476,test,,test/test-org-img/11476.jpg,test/test-label-img/11476_lab.png,test
11504,test,,test/test-org-img/11504.jpg,test/test-label-img/11504_lab.png,test
11505,test,,test/test-org-img/11505.jpg,test/test-label-img/11505_lab.png,test
11548,test,,test/test-org-img/11548.jpg,test/test-label-img/11548_lab.png,test
11550,test,,test/test-org-img/11550.jpg,test/test-label-img/11550_lab.png,test
11577,test,,test/test-org-img/11577.jpg,test/test-label-img/11577_lab.png,test
11585,test,,test/test-org-img/11585.jpg,test/test-label-img/11585_lab.png,test
11609,test,,test/test-org-img/11609.jpg,test/test-label-img/11609_lab.png,test
11614,test,,test/test-org-img/11614.jpg,test/test-label-img/11614_lab.png,test
11616,test,,test/test-org-img/11616.jpg,test/test-label-img/11616_lab.png,test
11627,test,,test/test-org-img/11627.jpg,test/test-label-img/11627_lab.png,test
11628,test,,test/test-org-img/11628.jpg,test/test-label-img/11628_lab.png,test
11645,test,,test/test-org-img/11645.jpg,test/test-label-img/11645_lab.png,test
11652,test,,test/test-org-img/11652.jpg,test/test-label-img/11652_lab.png,test
11653,test,,test/test-org-img/11653.jpg,test/test-label-img/11653_lab.png,test
11661,test,,test/test-org-img/11661.jpg,test/test-label-img/11661_lab.png,test
11669,test,,test/test-org-img/11669.jpg,test/test-label-img/11669_lab.png,test
11683,test,,test/test-org-img/11683.jpg,test/test-label-img/11683_lab.png,test
11686,test,,test/test-org-img/11686.jpg,test/test-label-img/11686_lab.png,test
11689,test,,test/test-org-img/11689.jpg,test/test-label-img/11689_lab.png,test
11704,test,,test/test-org-img/11704.jpg,test/test-label-img/11704_lab.png,test
11709,test,,test/test-org-img/11709.jpg,test/test-label-img/11709_lab.png,test
11713,test,,test/test-org-img/11713.jpg,test/test-label-img/11713_lab.png,test
11726,test,,test/test-org-img/11726.jpg,test/test-label-img/11726_lab.png,test
11727,test,,test/test-org-img/11727.jpg,test/test-label-img/11727_lab.png,test
11737,test,,test/test-org-img/11737.jpg,test/test-label-img/11737_lab.png,test
11774,test,,test/test-org-img/11774.jpg,test/test-label-img/11774_lab.png,test
11802,test,,test/test-org-img/11802.jpg,test/test-label-img/11802_lab.png,test
11812,test,,test/test-org-img/11812.jpg,test/test-label-img/11812_lab.png,test
11852,test,,test/test-org-img/11852.jpg,test/test-label-img/11852_lab.png,test
11903,test,,test/test-org-img/11903.jpg,test/test-label-img/11903_lab.png,test
11914,test,,test/test-org-img/11914.jpg,test/test-label-img/11914_lab.png,test
11916,test,,test/test-org-img/11916.jpg,test/test-label-img/11916_lab.png,test
11918,test,,test/test-org-img/11918.jpg,test/test-label-img/11918_lab.png,test
11924,test,,test/test-org-img/11924.jpg,test/test-label-img/11924_lab.png,test
11939,test,,test/test-org-img/11939.jpg,test/test-label-img/11939_lab.png,test
11943,test,,test/test-org-img/11943.jpg,test/test-label-img/11943_lab.png,test
11946,test,,test/test-org-img/11946.jpg,test/test-label-img/11946_lab.png,test
11955,test,,test/test-org-img/11955.jpg,test/test-label-img/11955_lab.png,test
11959,test,,test/test-org-img/11959.jpg,test/test-label-img/11959_lab.png,test
11961,test,,test/test-org-img/11961.jpg,test/test-label-img/11961_lab.png,test
11965,test,,test/test-org-img/11965.jpg,test/test-label-img/11965_lab.png,test
11971,test,,test/test-org-img/11971.jpg,test/test-label-img/11971_lab.png,test
11979,test,,test/test-org-img/11979.jpg,test/test-label-img/11979_lab.png,test
11989,test,,test/test-org-img/11989.jpg,test/test-label-img/11989_lab.png,test
11990,test,,test/test-org-img/11990.jpg,test/test-label-img/11990_lab.png,test
11993,test,,test/test-org-img/11993.jpg,test/test-label-img/11993_lab.png,test
12007,test,,test/test-org-img/12007.jpg,test/test-label-img/12007_lab.png,test
12012,test,,test/test-org-img/12012.jpg,test/test-label-img/12012_lab.png,test
12023,test,,test/test-org-img/12023.jpg,test/test-label-img/12023_lab.png,test
12054,test,,test/test-org-img/12054.jpg,test/test-label-img/12054_lab.png,test
12056,test,,test/test-org-img/12056.jpg,test/test-label-img/12056_lab.png,test
12070,test,,test/test-org-img/12070.jpg,test/test-label-img/12070_lab.png,test
12095,test,,test/test-org-img/12095.jpg,test/test-label-img/12095_lab.png,test
12105,test,,test/test-org-img/12105.jpg,test/test-label-img/12105_lab.png,test
12129,test,,test/test-org-img/12129.jpg,test/test-label-img/12129_lab.png,test
12131,test,,test/test-org-img/12131.jpg,test/test-label-img/12131_lab.png,test
12137,test,,test/test-org-img/12137.jpg,test/test-label-img/12137_lab.png,test
12140,test,,test/test-org-img/12140.jpg,test/test-label-img/12140_lab.png,test
12143,test,,test/test-org-img/12143.jpg,test/test-label-img/12143_lab.png,test
12156,test,,test/test-org-img/12156.jpg,test/test-label-img/12156_lab.png,test
12162,test,,test/test-org-img/12162.jpg,test/test-label-img/12162_lab.png,test
12169,test,,test/test-org-img/12169.jpg,test/test-label-img/12169_lab.png,test
12170,test,,test/test-org-img/12170.jpg,test/test-label-img/12170_lab.png,test
12172,test,,test/test-org-img/12172.jpg,test/test-label-img/12172_lab.png,test
12177,test,,test/test-org-img/12177.jpg,test/test-label-img/12177_lab.png,test
12178,test,,test/test-org-img/12178.jpg,test/test-label-img/12178_lab.png,test
12185,test,,test/test-org-img/12185.jpg,test/test-label-img/12185_lab.png,test
12188,test,,test/test-org-img/12188.jpg,test/test-label-img/12188_lab.png,test
12195,test,,test/test-org-img/12195.jpg,test/test-label-img/12195_lab.png,test
12198,test,,test/test-org-img/12198.jpg,test/test-label-img/12198_lab.png,test
12237,test,,test/test-org-img/12237.jpg,test/test-label-img/12237_lab.png,test
12250,test,,test/test-org-img/12250.jpg,test/test-label-img/12250_lab.png,test
12252,test,,test/test-org-img/12252.jpg,test/test-label-img/12252_lab.png,test
12253,test,,test/test-org-img/12253.jpg,test/test-label-img/12253_lab.png,test
12260,test,,test/test-org-img/12260.jpg,test/test-label-img/12260_lab.png,test
12268,test,,test/test-org-img/12268.jpg,test/test-label-img/12268_lab.png,test
12269,test,,test/test-org-img/12269.jpg,test/test-label-img/12269_lab.png,test
12272,test,,test/test-org-img/12272.jpg,test/test-label-img/12272_lab.png,test
12278,test,,test/test-org-img/12278.jpg,test/test-label-img/12278_lab.png,test
12280,test,,test/test-org-img/12280.jpg,test/test-label-img/12280_lab.png,test
12306,test,,test/test-org-img/12306.jpg,test/test-label-img/12306_lab.png,test
12382,test,,test/test-org-img/12382.jpg,test/test-label-img/12382_lab.png,test
12388,test,,test/test-org-img/12388.jpg,test/test-label-img/12388_lab.png,test
12401,test,,test/test-org-img/12401.jpg,test/test-label-img/12401_lab.png,test
12433,test,,test/test-org-img/12433.jpg,test/test-label-img/12433_lab.png,test
12438,test,,test/test-org-img/12438.jpg,test/test-label-img/12438_lab.png,test
12445,test,,test/test-org-img/12445.jpg,test/test-label-img/12445_lab.png,test
12446,test,,test/test-org-img/12446.jpg,test/test-label-img/12446_lab.png,test
12460,test,,test/test-org-img/12460.jpg,test/test-label-img/12460_lab.png,test
12461,test,,test/test-org-img/12461.jpg,test/test-label-img/12461_lab.png,test
12468,test,,test/test-org-img/12468.jpg,test/test-label-img/12468_lab.png,test
12476,test,,test/test-org-img/12476.jpg,test/test-label-img/12476_lab.png,test
12484,test,,test/test-org-img/12484.jpg,test/test-label-img/12484_lab.png,test
12495,test,,test/test-org-img/12495.jpg,test/test-label-img/12495_lab.png,test
12507,test,,test/test-org-img/12507.jpg,test/test-label-img/12507_lab.png,test
12518,test,,test/test-org-img/12518.jpg,test/test-label-img/12518_lab.png,test
12525,test,,test/test-org-img/12525.jpg,test/test-label-img/12525_lab.png,test
12545,test,,test/test-org-img/12545.jpg,test/test-label-img/12545_lab.png,test
12553,test,,test/test-org-img/12553.jpg,test/test-label-img/12553_lab.png,test
12560,test,,test/test-org-img/12560.jpg,test/test-label-img/12560_lab.png,test
12579,test,,test/test-org-img/12579.jpg,test/test-label-img/12579_lab.png,test
12580,test,,test/test-org-img/12580.jpg,test/test-label-img/12580_lab.png,test
12584,test,,test/test-org-img/12584.jpg,test/test-label-img/12584_lab.png,test
12598,test,,test/test-org-img/12598.jpg,test/test-label-img/12598_lab.png,test
12600,test,,test/test-org-img/12600.jpg,test/test-label-img/12600_lab.png,test
12619,test,,test/test-org-img/12619.jpg,test/test-label-img/12619_lab.png,test
12636,test,,test/test-org-img/12636.jpg,test/test-label-img/12636_lab.png,test
12638,test,,test/test-org-img/12638.jpg,test/test-label-img/12638_lab.png,test
12662,test,,test/test-org-img/12662.jpg,test/test-label-img/12662_lab.png,test
12664,test,,test/test-org-img/12664.jpg,test/test-label-img/12664_lab.png,test
12666,test,,test/test-org-img/12666.jpg,test/test-label-img/12666_lab.png,test
12687,test,,test/test-org-img/12687.jpg,test/test-label-img/12687_lab.png,test
12693,test,,test/test-org-img/12693.jpg,test/test-label-img/12693_lab.png,test
12702,test,,test/test-org-img/12702.jpg,test/test-label-img/12702_lab.png,test
12708,test,,test/test-org-img/12708.jpg,test/test-label-img/12708_lab.png,test
12742,test,,test/test-org-img/12742.jpg,test/test-label-img/12742_lab.png,test
12784,test,,test/test-org-img/12784.jpg,test/test-label-img/12784_lab.png,test
12796,test,,test/test-org-img/12796.jpg,test/test-label-img/12796_lab.png,test
12811,test,,test/test-org-img/12811.jpg,test/test-label-img/12811_lab.png,test
12814,test,,test/test-org-img/12814.jpg,test/test-label-img/12814_lab.png,test
12821,test,,test/test-org-img/12821.jpg,test/test-label-img/12821_lab.png,test
12827,test,,test/test-org-img/12827.jpg,test/test-label-img/12827_lab.png,test
12842,test,,test/test-org-img/12842.jpg,test/test-label-img/12842_lab.png,test
12859,test,,test/test-org-img/12859.jpg,test/test-label-img/12859_lab.png,test
12861,test,,test/test-org-img/12861.jpg,test/test-label-img/12861_lab.png,test
12866,test,,test/test-org-img/12866.jpg,test/test-label-img/12866_lab.png,test
12879,test,,test/test-org-img/12879.jpg,test/test-label-img/12879_lab.png,test
12899,test,,test/test-org-img/12899.jpg,test/test-label-img/12899_lab.png,test
12948,test,,test/test-org-img/12948.jpg,test/test-label-img/12948_lab.png,test
12952,test,,test/test-org-img/12952.jpg,test/test-label-img/12952_lab.png,test
12963,test,,test/test-org-img/12963.jpg,test/test-label-img/12963_lab.png,test
12968,test,,test/test-org-img/12968.jpg,test/test-label-img/12968_lab.png,test
12981,test,,test/test-org-img/12981.jpg,test/test-label-img/12981_lab.png,test
13008,test,,test/test-org-img/13008.jpg,test/test-label-img/13008_lab.png,test
13017,test,,test/test-org-img/13017.jpg,test/test-label-img/13017_lab.png,test
13021,test,,test/test-org-img/13021.jpg,test/test-label-img/13021_lab.png,test
13029,test,,test/test-org-img/13029.jpg,test/test-label-img/13029_lab.png,test
13050,test,,test/test-org-img/13050.jpg,test/test-label-img/13050_lab.png,test
13066,test,,test/test-org-img/13066.jpg,test/test-label-img/13066_lab.png,test
13076,test,,test/test-org-img/13076.jpg,test/test-label-img/13076_lab.png,test
13083,test,,test/test-org-img/13083.jpg,test/test-label-img/13083_lab.png,test
13104,test,,test/test-org-img/13104.jpg,test/test-label-img/13104_lab.png,test
13111,test,,test/test-org-img/13111.jpg,test/test-label-img/13111_lab.png,test
13114,test,,test/test-org-img/13114.jpg,test/test-label-img/13114_lab.png,test
13116,test,,test/test-org-img/13116.jpg,test/test-label-img/13116_lab.png,test
13121,test,,test/test-org-img/13121.jpg,test/test-label-img/13121_lab.png,test
13135,test,,test/test-org-img/13135.jpg,test/test-label-img/13135_lab.png,test
13148,test,,test/test-org-img/13148.jpg,test/test-label-img/13148_lab.png,test
13149,test,,test/test-org-img/13149.jpg,test/test-label-img/13149_lab.png,test
13150,test,,test/test-org-img/13150.jpg,test/test-label-img/13150_lab.png,test
13164,test,,test/test-org-img/13164.jpg,test/test-label-img/13164_lab.png,test
13171,test,,test/test-org-img/13171.jpg,test/test-label-img/13171_lab.png,test
13205,test,,test/test-org-img/13205.jpg,test/test-label-img/13205_lab.png,test
13226,test,,test/test-org-img/13226.jpg,test/test-label-img/13226_lab.png,test
13234,test,,test/test-org-img/13234.jpg,test/test-label-img/13234_lab.png,test
13241,test,,test/test-org-img/13241.jpg,test/test-label-img/13241_lab.png,test
13281,test,,test/test-org-img/13281.jpg,test/test-label-img/13281_lab.png,test
13289,test,,test/test-org-img/13289.jpg,test/test-label-img/13289_lab.png,test
13292,test,,test/test-org-img/13292.jpg,test/test-label-img/13292_lab.png,test
13306,test,,test/test-org-img/13306.jpg,test/test-label-img/13306_lab.png,test
13317,test,,test/test-org-img/13317.jpg,test/test-label-img/13317_lab.png,test
13342,test,,test/test-org-img/13342.jpg,test/test-label-img/13342_lab.png,test
13353,test,,test/test-org-img/13353.jpg,test/test-label-img/13353_lab.png,test
13356,test,,test/test-org-img/13356.jpg,test/test-label-img/13356_lab.png,test
13361,test,,test/test-org-img/13361.jpg,test/test-label-img/13361_lab.png,test
13363,test,,test/test-org-img/13363.jpg,test/test-label-img/13363_lab.png,test
13364,test,,test/test-org-img/13364.jpg,test/test-label-img/13364_lab.png,test
13365,test,,test/test-org-img/13365.jpg,test/test-label-img/13365_lab.png,test
13366,test,,test/test-org-img/13366.jpg,test/test-label-img/13366_lab.png,test
13395,test,,test/test-org-img/13395.jpg,test/test-label-img/13395_lab.png,test
13405,test,,test/test-org-img/13405.jpg,test/test-label-img/13405_lab.png,test
13411,test,,test/test-org-img/13411.jpg,test/test-label-img/13411_lab.png,test
13421,test,,test/test-org-img/13421.jpg,test/test-label-img/13421_lab.png,test
13425,test,,test/test-org-img/13425.jpg,test/test-label-img/13425_lab.png,test
13442,test,,test/test-org-img/13442.jpg,test/test-label-img/13442_lab.png,test
13443,test,,test/test-org-img/13443.jpg,test/test-label-img/13443_lab.png,test
13473,test,,test/test-org-img/13473.jpg,test/test-label-img/13473_lab.png,test
13489,test,,test/test-org-img/13489.jpg,test/test-label-img/13489_lab.png,test
13492,test,,test/test-org-img/13492.jpg,test/test-label-img/13492_lab.png,test
13506,test,,test/test-org-img/13506.jpg,test/test-label-img/13506_lab.png,test
13529,test,,test/test-org-img/13529.jpg,test/test-label-img/13529_lab.png,test
13544,test,,test/test-org-img/13544.jpg,test/test-label-img/13544_lab.png,test
13569,test,,test/test-org-img/13569.jpg,test/test-label-img/13569_lab.png,test
13570,test,,test/test-org-img/13570.jpg,test/test-label-img/13570_lab.png,test
13572,test,,test/test-org-img/13572.jpg,test/test-label-img/13572_lab.png,test
13575,test,,test/test-org-img/13575.jpg,test/test-label-img/13575_lab.png,test
13578,test,,test/test-org-img/13578.jpg,test/test-label-img/13578_lab.png,test
13580,test,,test/test-org-img/13580.jpg,test/test-label-img/13580_lab.png,test
13590,test,,test/test-org-img/13590.jpg,test/test-label-img/13590_lab.png,test
13591,test,,test/test-org-img/13591.jpg,test/test-label-img/13591_lab.png,test
13597,test,,test/test-org-img/13597.jpg,test/test-label-img/13597_lab.png,test
13623,test,,test/test-org-img/13623.jpg,test/test-label-img/13623_lab.png,test
13624,test,,test/test-org-img/13624.jpg,test/test-label-img/13624_lab.png,test
13626,test,,test/test-org-img/13626.jpg,test/test-label-img/13626_lab.png,test
13639,test,,test/test-org-img/13639.jpg,test/test-label-img/13639_lab.png,test
13640,test,,test/test-org-img/13640.jpg,test/test-label-img/13640_lab.png,test
13654,test,,test/test-org-img/13654.jpg,test/test-label-img/13654_lab.png,test
13667,test,,test/test-org-img/13667.jpg,test/test-label-img/13667_lab.png,test
13668,test,,test/test-org-img/13668.jpg,test/test-label-img/13668_lab.png,test
13688,test,,test/test-org-img/13688.jpg,test/test-label-img/13688_lab.png,test
13702,test,,test/test-org-img/13702.jpg,test/test-label-img/13702_lab.png,test
13708,test,,test/test-org-img/13708.jpg,test/test-label-img/13708_lab.png,test
13727,test,,test/test-org-img/13727.jpg,test/test-label-img/13727_lab.png,test
13760,test,,test/test-org-img/13760.jpg,test/test-label-img/13760_lab.png,test
13762,test,,test/test-org-img/13762.jpg,test/test-label-img/13762_lab.png,test
13770,test,,test/test-org-img/13770.jpg,test/test-label-img/13770_lab.png,test
13773,test,,test/test-org-img/13773.jpg,test/test-label-img/13773_lab.png,test
13784,test,,test/test-org-img/13784.jpg,test/test-label-img/13784_lab.png,test
13795,test,,test/test-org-img/13795.jpg,test/test-label-img/13795_lab.png,test
13800,test,,test/test-org-img/13800.jpg,test/test-label-img/13800_lab.png,test
13866,test,,test/test-org-img/13866.jpg,test/test-label-img/13866_lab.png,test
13872,test,,test/test-org-img/13872.jpg,test/test-label-img/13872_lab.png,test
13876,test,,test/test-org-img/13876.jpg,test/test-label-img/13876_lab.png,test
13887,test,,test/test-org-img/13887.jpg,test/test-label-img/13887_lab.png,test
13902,test,,test/test-org-img/13902.jpg,test/test-label-img/13902_lab.png,test
13906,test,,test/test-org-img/13906.jpg,test/test-label-img/13906_lab.png,test
13907,test,,test/test-org-img/13907.jpg,test/test-label-img/13907_lab.png,test
13915,test,,test/test-org-img/13915.jpg,test/test-label-img/13915_lab.png,test
13925,test,,test/test-org-img/13925.jpg,test/test-label-img/13925_lab.png,test
13926,test,,test/test-org-img/13926.jpg,test/test-label-img/13926_lab.png,test
13931,test,,test/test-org-img/13931.jpg,test/test-label-img/13931_lab.png,test
13964,test,,test/test-org-img/13964.jpg,test/test-label-img/13964_lab.png,test
13975,test,,test/test-org-img/13975.jpg,test/test-label-img/13975_lab.png,test
13976,test,,test/test-org-img/13976.jpg,test/test-label-img/13976_lab.png,test
13982,test,,test/test-org-img/13982.jpg,test/test-label-img/13982_lab.png,test
14010,test,,test/test-org-img/14010.jpg,test/test-label-img/14010_lab.png,test
14014,test,,test/test-org-img/14014.jpg,test/test-label-img/14014_lab.png,test
14041,test,,test/test-org-img/14041.jpg,test/test-label-img/14041_lab.png,test
14059,test,,test/test-org-img/14059.jpg,test/test-label-img/14059_lab.png,test
14062,test,,test/test-org-img/14062.jpg,test/test-label-img/14062_lab.png,test
14067,test,,test/test-org-img/14067.jpg,test/test-label-img/14067_lab.png,test
14076,test,,test/test-org-img/14076.jpg,test/test-label-img/14076_lab.png,test
14115,test,,test/test-org-img/14115.jpg,test/test-label-img/14115_lab.png,test
14154,test,,test/test-org-img/14154.jpg,test/test-label-img/14154_lab.png,test
14163,test,,test/test-org-img/14163.jpg,test/test-label-img/14163_lab.png,test
14164,test,,test/test-org-img/14164.jpg,test/test-label-img/14164_lab.png,test
14167,test,,test/test-org-img/14167.jpg,test/test-label-img/14167_lab.png,test
14168,test,,test/test-org-img/14168.jpg,test/test-label-img/14168_lab.png,test
14169,test,,test/test-org-img/14169.jpg,test/test-label-img/14169_lab.png,test
14170,test,,test/test-org-img/14170.jpg,test/test-label-img/14170_lab.png,test
14193,test,,test/test-org-img/14193.jpg,test/test-label-img/14193_lab.png,test
14196,test,,test/test-org-img/14196.jpg,test/test-label-img/14196_lab.png,test
14207,test,,test/test-org-img/14207.jpg,test/test-label-img/14207_lab.png,test
14242,test,,test/test-org-img/14242.jpg,test/test-label-img/14242_lab.png,test
14267,test,,test/test-org-img/14267.jpg,test/test-label-img/14267_lab.png,test
14271,test,,test/test-org-img/14271.jpg,test/test-label-img/14271_lab.png,test
14276,test,,test/test-org-img/14276.jpg,test/test-label-img/14276_lab.png,test
14285,test,,test/test-org-img/14285.jpg,test/test-label-img/14285_lab.png,test
14316,test,,test/test-org-img/14316.jpg,test/test-label-img/14316_lab.png,test
14317,test,,test/test-org-img/14317.jpg,test/test-label-img/14317_lab.png,test
14319,test,,test/test-org-img/14319.jpg,test/test-label-img/14319_lab.png,test
14322,test,,test/test-org-img/14322.jpg,test/test-label-img/14322_lab.png,test
14326,test,,test/test-org-img/14326.jpg,test/test-label-img/14326_lab.png,test
14337,test,,test/test-org-img/14337.jpg,test/test-label-img/14337_lab.png,test
14370,test,,test/test-org-img/14370.jpg,test/test-label-img/14370_lab.png,test
14376,test,,test/test-org-img/14376.jpg,test/test-label-img/14376_lab.png,test
14393,test,,test/test-org-img/14393.jpg,test/test-label-img/14393_lab.png,test
14394,test,,test/test-org-img/14394.jpg,test/test-label-img/14394_lab.png,test
14518,test,,test/test-org-img/14518.jpg,test/test-label-img/14518_lab.png,test
14541,test,,test/test-org-img/14541.jpg,test/test-label-img/14541_lab.png,test
14546,test,,test/test-org-img/14546.jpg,test/test-label-img/14546_lab.png,test
14632,test,,test/test-org-img/14632.jpg,test/test-label-img/14632_lab.png,test
14633,test,,test/test-org-img/14633.jpg,test/test-label-img/14633_lab.png,test
14712,test,,test/test-org-img/14712.jpg,test/test-label-img/14712_lab.png,test
14749,test,,test/test-org-img/14749.jpg,test/test-label-img/14749_lab.png,test
14769,test,,test/test-org-img/14769.jpg,test/test-label-img/14769_lab.png,test
14786,test,,test/test-org-img/14786.jpg,test/test-label-img/14786_lab.png,test
14800,test,,test/test-org-img/14800.jpg,test/test-label-img/14800_lab.png,test
14813,test,,test/test-org-img/14813.jpg,test/test-label-img/14813_lab.png,test
14816,test,,test/test-org-img/14816.jpg,test/test-label-img/14816_lab.png,test
14822,test,,test/test-org-img/14822.jpg,test/test-label-img/14822_lab.png,test
14879,test,,test/test-org-img/14879.jpg,test/test-label-img/14879_lab.png,test
14882,test,,test/test-org-img/14882.jpg,test/test-label-img/14882_lab.png,test
14898,test,,test/test-org-img/14898.jpg,test/test-label-img/14898_lab.png,test
14911,test,,test/test-org-img/14911.jpg,test/test-label-img/14911_lab.png,test
14915,test,,test/test-org-img/14915.jpg,test/test-label-img/14915_lab.png,test
14922,test,,test/test-org-img/14922.jpg,test/test-label-img/14922_lab.png,test
14932,test,,test/test-org-img/14932.jpg,test/test-label-img/14932_lab.png,test
14939,test,,test/test-org-img/14939.jpg,test/test-label-img/14939_lab.png,test
14960,test,,test/test-org-img/14960.jpg,test/test-label-img/14960_lab.png,test
15005,test,,test/test-org-img/15005.jpg,test/test-label-img/15005_lab.png,test
15019,test,,test/test-org-img/15019.jpg,test/test-label-img/15019_lab.png,test
15031,test,,test/test-org-img/15031.jpg,test/test-label-img/15031_lab.png,test
15034,test,,test/test-org-img/15034.jpg,test/test-label-img/15034_lab.png,test
15044,test,,test/test-org-img/15044.jpg,test/test-label-img/15044_lab.png,test
15054,test,,test/test-org-img/15054.jpg,test/test-label-img/15054_lab.png,test
15060,test,,test/test-org-img/15060.jpg,test/test-label-img/15060_lab.png,test
15067,test,,test/test-org-img/15067.jpg,test/test-label-img/15067_lab.png,test
15080,test,,test/test-org-img/15080.jpg,test/test-label-img/15080_lab.png,test
15081,test,,test/test-org-img/15081.jpg,test/test-label-img/15081_lab.png,test
15086,test,,test/test-org-img/15086.jpg,test/test-label-img/15086_lab.png,test
15089,test,,test/test-org-img/15089.jpg,test/test-label-img/15089_lab.png,test
15095,test,,test/test-org-img/15095.jpg,test/test-label-img/15095_lab.png,test
15100,test,,test/test-org-img/15100.jpg,test/test-label-img/15100_lab.png,test
15107,test,,test/test-org-img/15107.jpg,test/test-label-img/15107_lab.png,test
15119,test,,test/test-org-img/15119.jpg,test/test-label-img/15119_lab.png,test
15121,test,,test/test-org-img/15121.jpg,test/test-label-img/15121_lab.png,test
15135,test,,test/test-org-img/15135.jpg,test/test-label-img/15135_lab.png,test
15152,test,,test/test-org-img/15152.jpg,test/test-label-img/15152_lab.png,test
15172,test,,test/test-org-img/15172.jpg,test/test-label-img/15172_lab.png,test
15176,test,,test/test-org-img/15176.jpg,test/test-label-img/15176_lab.png,test
15180,test,,test/test-org-img/15180.jpg,test/test-label-img/15180_lab.png,test
15181,test,,test/test-org-img/15181.jpg,test/test-label-img/15181_lab.png,test
15187,test,,test/test-org-img/15187.jpg,test/test-label-img/15187_lab.png,test
15189,test,,test/test-org-img/15189.jpg,test/test-label-img/15189_lab.png,test
15192,test,,test/test-org-img/15192.jpg,test/test-label-img/15192_lab.png,test
15194,test,,test/test-org-img/15194.jpg,test/test-label-img/15194_lab.png,test
15197,test,,test/test-org-img/15197.jpg,test/test-label-img/15197_lab.png,test
15198,test,,test/test-org-img/15198.jpg,test/test-label-img/15198_lab.png,test
15199,test,,test/test-org-img/15199.jpg,test/test-label-img/15199_lab.png,test
15202,test,,test/test-org-img/15202.jpg,test/test-label-img/15202_lab.png,test
15210,test,,test/test-org-img/15210.jpg,test/test-label-img/15210_lab.png,test
15218,test,,test/test-org-img/15218.jpg,test/test-label-img/15218_lab.png,test
15221,test,,test/test-org-img/15221.jpg,test/test-label-img/15221_lab.png,test
15226,test,,test/test-org-img/15226.jpg,test/test-label-img/15226_lab.png,test
15270,test,,test/test-org-img/15270.jpg,test/test-label-img/15270_lab.png,test
15279,test,,test/test-org-img/15279.jpg,test/test-label-img/15279_lab.png,test
15284,test,,test/test-org-img/15284.jpg,test/test-label-img/15284_lab.png,test
15293,test,,test/test-org-img/15293.jpg,test/test-label-img/15293_lab.png,test
15298,test,,test/test-org-img/15298.jpg,test/test-label-img/15298_lab.png,test
15334,test,,test/test-org-img/15334.jpg,test/test-label-img/15334_lab.png,test
15340,test,,test/test-org-img/15340.jpg,test/test-label-img/15340_lab.png,test
15356,test,,test/test-org-img/15356.jpg,test/test-label-img/15356_lab.png,test
15394,test,,test/test-org-img/15394.jpg,test/test-label-img/15394_lab.png,test
15413,test,,test/test-org-img/15413.jpg,test/test-label-img/15413_lab.png,test
15414,test,,test/test-org-img/15414.jpg,test/test-label-img/15414_lab.png,test
15418,test,,test/test-org-img/15418.jpg,test/test-label-img/15418_lab.png,test
15419,test,,test/test-org-img/15419.jpg,test/test-label-img/15419_lab.png,test
15449,test,,test/test-org-img/15449.jpg,test/test-label-img/15449_lab.png,test
15464,test,,test/test-org-img/15464.jpg,test/test-label-img/15464_lab.png,test
15481,test,,test/test-org-img/15481.jpg,test/test-label-img/15481_lab.png,test
15495,test,,test/test-org-img/15495.jpg,test/test-label-img/15495_lab.png,test
15498,test,,test/test-org-img/15498.jpg,test/test-label-img/15498_lab.png,test
15499,test,,test/test-org-img/15499.jpg,test/test-label-img/15499_lab.png,test
15504,test,,test/test-org-img/15504.jpg,test/test-label-img/15504_lab.png,test
15540,test,,test/test-org-img/15540.jpg,test/test-label-img/15540_lab.png,test
15542,test,,test/test-org-img/15542.jpg,test/test-label-img/15542_lab.png,test
15543,test,,test/test-org-img/15543.jpg,test/test-label-img/15543_lab.png,test
15620,test,,test/test-org-img/15620.jpg,test/test-label-img/15620_lab.png,test
15621,test,,test/test-org-img/15621.jpg,test/test-label-img/15621_lab.png,test
15639,test,,test/test-org-img/15639.jpg,test/test-label-img/15639_lab.png,test
15647,test,,test/test-org-img/15647.jpg,test/test-label-img/15647_lab.png,test
15667,test,,test/test-org-img/15667.jpg,test/test-label-img/15667_lab.png,test
15675,test,,test/test-org-img/15675.jpg,test/test-label-img/15675_lab.png,test
15716,test,,test/test-org-img/15716.jpg,test/test-label-img/15716_lab.png,test
15720,test,,test/test-org-img/15720.jpg,test/test-label-img/15720_lab.png,test
15724,test,,test/test-org-img/15724.jpg,test/test-label-img/15724_lab.png,test
15725,test,,test/test-org-img/15725.jpg,test/test-label-img/15725_lab.png,test
15746,test,,test/test-org-img/15746.jpg,test/test-label-img/15746_lab.png,test
15747,test,,test/test-org-img/15747.jpg,test/test-label-img/15747_lab.png,test
15755,test,,test/test-org-img/15755.jpg,test/test-label-img/15755_lab.png,test
15757,test,,test/test-org-img/15757.jpg,test/test-label-img/15757_lab.png,test
15778,test,,test/test-org-img/15778.jpg,test/test-label-img/15778_lab.png,test
15779,test,,test/test-org-img/15779.jpg,test/test-label-img/15779_lab.png,test
15783,test,,test/test-org-img/15783.jpg,test/test-label-img/15783_lab.png,test
15797,test,,test/test-org-img/15797.jpg,test/test-label-img/15797_lab.png,test
15798,test,,test/test-org-img/15798.jpg,test/test-label-img/15798_lab.png,test
15799,test,,test/test-org-img/15799.jpg,test/test-label-img/15799_lab.png,test
15817,test,,test/test-org-img/15817.jpg,test/test-label-img/15817_lab.png,test
15821,test,,test/test-org-img/15821.jpg,test/test-label-img/15821_lab.png,test
15831,test,,test/test-org-img/15831.jpg,test/test-label-img/15831_lab.png,test
15833,test,,test/test-org-img/15833.jpg,test/test-label-img/15833_lab.png,test
15841,test,,test/test-org-img/15841.jpg,test/test-label-img/15841_lab.png,test
15871,test,,test/test-org-img/15871.jpg,test/test-label-img/15871_lab.png,test
15885,test,,test/test-org-img/15885.jpg,test/test-label-img/15885_lab.png,test
16005,test,,test/test-org-img/16005.jpg,test/test-label-img/16005_lab.png,test
16010,test,,test/test-org-img/16010.jpg,test/test-label-img/16010_lab.png,test
16041,test,,test/test-org-img/16041.jpg,test/test-label-img/16041_lab.png,test
16064,test,,test/test-org-img/16064.jpg,test/test-label-img/16064_lab.png,test
16067,test,,test/test-org-img/16067.jpg,test/test-label-img/16067_lab.png,test
16073,test,,test/test-org-img/16073.jpg,test/test-label-img/16073_lab.png,test
16076,test,,test/test-org-img/16076.jpg,test/test-label-img/16076_lab.png,test
16079,test,,test/test-org-img/16079.jpg,test/test-label-img/16079_lab.png,test
16084,test,,test/test-org-img/16084.jpg,test/test-label-img/16084_lab.png,test
16088,test,,test/test-org-img/16088.jpg,test/test-label-img/16088_lab.png,test
16196,test,,test/test-org-img/16196.jpg,test/test-label-img/16196_lab.png,test
16313,test,,test/test-org-img/16313.jpg,test/test-label-img/16313_lab.png,test
16323,test,,test/test-org-img/16323.jpg,test/test-label-img/16323_lab.png,test
16333,test,,test/test-org-img/16333.jpg,test/test-label-img/16333_lab.png,test
16508,test,,test/test-org-img/16508.jpg,test/test-label-img/16508_lab.png,test
20421,test,,test/test-org-img/20421.jpg,test/test-label-img/20421_lab.png,test
20428,test,,test/test-org-img/20428.jpg,test/test-label-img/20428_lab.png,test
20437,test,,test/test-org-img/20437.jpg,test/test-label-img/20437_lab.png,test
